product_name;fabricante;price;size;price_per_unit;super
Uva blanca a granel;TC GROUP ATLANTICO SL;1,92 €Aprox;500g;Aprox;Alcampo
Ajos 250 g;GAMBIN CANARIAS SL;2,29 €;250g;(9,16 € por kilogramo);Alcampo
ALCAMPO CULTIVAMOS LO BUENO Pechugas de pollo certificado entera  bandeja;N/A;6,68 €Aprox;750g;Aprox;Alcampo
GARCÍA BAQUERO Queso semicurado de vaca, oveja y cabra Ya Cortado GARCÍA BAQUERO, cuña de 250 g.;Lacteas Garcia Baquero;3,98 €;225g;(17,69 € por kilogramo);Alcampo
Berenjenas a granel;AGROEXPLOTACIONES FILABRES;2,29 €Aprox;1000g;Aprox;Alcampo
AUCHAN Salchichón ibérico de categoria extra, cortado en lonchas 100 g. Producto Alcampo;DESARROLLO DE MARCAS (Euomadi);1,65 €;100g;(16,50 € por kilogramo);Alcampo
Espinacas FLORETTE PRIMEROS BROTES 125 g.;Florette;2,12 €;125g;(16,96 € por kilogramo);Alcampo
EL POZO Mortadela siciliana cortada en lonchas, elaborada sin gluten 225 g.;ElPozo;1,49 €;225g;(6,62 € por kilogramo);Alcampo
Manzanas Golden 1 kg;Señorío de la Rioja;1,39 €;1000g;(1,39 € por kilogramo);Alcampo
Filetes 1ªA de vaca, ideales para plancha o freir;N/A;5,15 €Aprox;450g;Aprox;Alcampo
AUCHAN Fuet de categoria extra 160 g. Producto Alcampo;Rafael Baro;1,59 €;160g;(9,94 € por kilogramo);Alcampo
Tomate ensalada a granel;N/A;2,49 €Aprox;1000g;Aprox;Alcampo
AUCHAN Queso fundido en lonchas 16 uds. 300 g. Producto Alcampo;DESARROLLO DE MARCAS (Euomadi);1,83 €;300g;(6,10 € por kilogramo);Alcampo
Solomillo fresco de cerdo blanco, especial barbacoa, asados o freir;Industrias Carnicas Tello;7,96 €Aprox;800g;Aprox;Alcampo
EL CASERÍO Queso rallado Filatto EL CASERÍO 80 g.;Mondelez España;1,39 €;80g;(17,38 € por kilogramo);Alcampo
ZANETTI Queso rallado Grana Padano 50 gr.;TGT;1,22 €;50g;(24,40 € por kilogramo);Alcampo
CASA TARRADELLAS Espetec de categoria extra CASA TARRADELLAS 180 g.;Casa Tarradellas;2,37 €;180g;(13,17 € por kilogramo);Alcampo
Filetes de cinta de lomo con corte fino;N/A;2,84 €Aprox;300g;Aprox;Alcampo
EL POZO Fiambre de pechuga de pavo cocida, cortada en lonchas EL POZO 2 x 150 g.;ElPozo;3,99 €;300g;(13,30 € por kilogramo);Alcampo
Manzanas golden a granel;Señorío de la Rioja;1,85 €Aprox;1000g;Aprox;Alcampo
ALCAMPO CULTIVAMOS LO BUENO Zanahorias tiernas  bandeja de 500 g.;N/A;1,32 €;500g;(2,64 € por kilogramo);Alcampo
Bandeja con preparado de carne picada mixta (vacuno - cerdo) ROLER 800 g.;Roler España;6,99 €;800g;(8,74 € por kilogramo);Alcampo
AUCHAN Sarta de chorizo dulce de categoria extra 280 g. Producto Alcampo;DESARROLLO DE MARCAS (Euomadi);2,44 €;280g;(8,71 € por kilogramo);Alcampo
AUCHAN Queso rallado mezcla (cheddar rojo, gouda, emmental y queso curado) 200 g. Producto Alcampo;DESARROLLO DE MARCAS (Euomadi);1,80 €;200g;(9,00 € por kilogramo);Alcampo
NAVIDUL Jamón curado de bodega, sin gluten y cortado en finas lonchas NAVIDUL 50 g.;Campofrio;1,19 €;50g;(23,80 € por kilogramo);Alcampo
AUCHAN Queso fresco batido con extra de proteínas 500 g. Producto Alcampo;DESARROLLO DE MARCAS (Euomadi);1,34 €;500g;(2,68 € por kilogramo);Alcampo
CAMPOFRÍO Pechuga de pavo braseada cortada en finas lonchas CAMPOFRÍO Finissimas 170 g.;Campofrio;2,88 €;170g;(16,94 € por kilogramo);Alcampo
ALCAMPO CULTIVAMOS LO BUENO Seta Shiitake  200 g.;N/A;2,59 €;200g;(12,95 € por kilogramo);Alcampo
Brócoli preparado para microondas FLORETTE 225 g.;Florette;1,76 €;225g;(7,82 € por kilogramo);Alcampo
Cilantro manojo;Agricolas Promaver;1,29 €;(1,29 € Unidad);N/A;Alcampo
PHILADELPHIA Queso de untar natural PHILADELPHIA 200 g.;Mondelez España;2,15 €;200g;(10,75 € por kilogramo);Alcampo
AUCHAN Muslos de pollo 2 uds. Producto Alcampo;Uvesa;2,75 €Aprox;600g;Aprox;Alcampo
ROLER Selección Bandeja de preparado de carne picada (burger meat) mixta (vacuno-cerdo) 400 g.;Roler España;3,99 €;400g;(9,98 € por kilogramo);Alcampo
Bandeja con 10 longanizas frescas de carne de pollo embutidas en tripa natural ALDELÍS;Aldelís;4,75 €;390g;(12,18 € por kilogramo);Alcampo
AUCHAN Queso roquefort 100 g. Producto Alcampo;N/A;1,73 €;100g;(17,30 € por kilogramo);Alcampo
Coliflor 1 ud.;Agricolas Promaver;1,99 €;(1,99 € Unidad);N/A;Alcampo
PALACIOS Chorizo casero dulce de categoria extra PALACIOS 250 g.;Palacios;3,56 €;250g;(14,24 € por kilogramo);Alcampo
Ensalada 4 estaciones PRODUCTO ECONÓMICO ALCAMPO  250 g.;Primaflor;0,75 €;250g;(3,00 € por kilogramo);Alcampo
EL POZO Fiambre de pavo, lonchas especiales para sándwich, elaborado sin gluten EL POZO 270 g.;ElPozo;1,94 €;270g;(7,19 € por kilogramo);Alcampo
Calabacín  malla de 1 kg.;N/A;1,89 €;1000g;(1,89 € por kilogramo);Alcampo
CAMPOFRÍO Pechuga de pavo braseada cortada en lonchas CAMPOFRÍO Finissimas 115 g.;Campofrio;1,85 €;115g;(16,09 € por kilogramo);Alcampo
Ensalada rúcula FLORETTE PRIMEROS BROTES 100 g.;Florette;2,12 €;100g;(21,20 € por kilogramo);Alcampo
Secreto entero de cerdo blanco, ideal para plancha o barbacoa;N/A;3,78 €Aprox;400g;Aprox;Alcampo
SERRANO Fiambre de pechuga de pollo al horno, cortada en tiras SERRANO Toppings 140 g.;Carnicas Serrano;2,04 €;140g;(14,57 € por kilogramo);Alcampo
Tomate ensalada malla de 1 kg;N/A;2,29 €;1000g;(2,29 € por kilogramo);Alcampo
AUCHAN Pechuga cocida de pavo, sin gluten y sin lactosa y cortadas en lonchas 200 g. Producto Alcampo;DESARROLLO DE MARCAS (Euomadi);2,08 €;200g;(10,40 € por kilogramo);Alcampo
FERRARINI Jamón cocido de categoria extra, elaborado sin fosfatos FERRARINI 100 g.;Ferrarini;2,37 €;100g;(23,70 € por kilogramo);Alcampo
Pimientos rojos, malla 750 g.;Agroilla;1,99 €;750g;(2,65 € por kilogramo);Alcampo
COREN Solomillo de pavo envasado al vacío.;N/A;6,99 €Aprox;700g;Aprox;Alcampo
CASA TARRADELLAS Espetec de categoria extra CASA TARRADELLAS 2 x 170 g.;Casa Tarradellas;4,84 €;360g;(13,44 € por kilogramo);Alcampo
Lima a granel;N/A;1,50 €Aprox;500g;Aprox;Alcampo
OSCAR MAYER Salchichas de cerdo y pollo, cocidas y con sabor ahumado OSCAR MAYER Wieners 200 g.;Campofrio;1,05 €;200g;(5,25 € por kilogramo);Alcampo
AUCHAN Jamoncitos de pollo 10 uds XXL. Producto Alcampo;Uvesa;5,39 €Aprox;1500g;Aprox;Alcampo
CAMPOFRÍO Jamón cocido de calidad extra, cortado en lonchas CAMPOFRÍO Finissimas 170 g.;Campofrio;2,88 €;170g;(16,94 € por kilogramo);Alcampo
AUCHAN Queso de sándwich en lonchas elaborado en Galicia 200 g. Producto Alcampo;DESARROLLO DE MARCAS (Euomadi);2,23 €;200g;(11,15 € por kilogramo);Alcampo
AUCHAN Mozzarella light 125 g. Producto Alcampo;DESARROLLO DE MARCAS (Euomadi);1,17 €;125g;(9,36 € por kilogramo);Alcampo
AUCHAN Protein + Queso fresco granulado (cottage) con alto contenido en proteina 200 g. Producto Alcampo;DESARROLLO DE MARCAS (Euomadi);1,38 €;200g;(6,90 € por kilogramo);Alcampo
Manojo de espárragos verdes, 250 g.;Frutas Niqui Madrimport;2,38 €;250g;(9,52 € por kilogramo);Alcampo
PRODUCTO ECONÓMICO ALCAMPO Antojos (sucedáneo de angulas) ultracongelado PRODUCTO ECONÓMICO ALCAMPO 200 g.;DESARROLLO DE MARCAS (Euomadi);1,65 €;200g;(8,25 € por kilogramo);Alcampo
ALCAMPO CULTIVAMOS LO BUENO Plátano de Canarias (Indicación Geográfica Protegida)  bandeja 700 g.;N/A;2,49 €;700g;(3,56 € por kilogramo);Alcampo
Calabaza entera;HORTIPORRINAS;3,13 €Aprox;2500g;Aprox;Alcampo
OSCAR MAYER Salchichas tipo Frankfurt OSCAR MAYER Jumbo 350 g.;Campofrio;2,38 €;350g;(6,80 € por kilogramo);Alcampo
Judías verdes barqueta 500 gramos;N/A;3,79 €;500g;(7,58 € por kilogramo);Alcampo
Pimiento Italiano bolsa de 500 g.;Natural De Montaña, S.L.;1,29 €;500g;(2,58 € por kilogramo);Alcampo
AUCHAN Patatas para microondas 400 g. Producto Alcampo;N/A;1,47 €;400 por envase;(0,00 € Unidad);Alcampo
Mangos a granel;Frutas Rafael Manzano E Hijos;2,38 €Aprox;800g;Aprox;Alcampo
REVILLA Chorizo selecto, elaborado sin gluten y cortado en lonchas REVILLA 65 g.;Campofrio;0,99 €;65g;(15,23 € por kilogramo);Alcampo
ARGAL Bonnatur Pechuga de pavo cortada en lonchas finas 115 G.;Argal;2,34 €;115g;(20,35 € por kilogramo);Alcampo
LEGADO de El Pozo Pechuga de pavo asada con madera de Haya y cortada en lonchas 120 g.;ElPozo;2,61 €;120g;(21,75 € por kilogramo);Alcampo
CAMPOFRÍO Jamón cocido de calidad extra, cortado en lonchas CAMPOFRÍO Finissimas 115 g.;Campofrio;1,85 €;115g;(16,09 € por kilogramo);Alcampo
Fresón tarrina de 500 g.;Huerta Campojara, S.L.;4,29 €;500g;(8,58 € por kilogramo);Alcampo
CAMPOFRÍO Jamón cocido cortado en lonchas 75 g.;Campofrio;0,98 €;75g;(13,07 € por kilogramo);Alcampo
CASA TARRADELLAS Jamón cocido de categoria extra cortado en finas lonchas 150 g.;Casa Tarradellas;2,04 €;150g;(13,60 € por kilogramo);Alcampo
CAMPOFRÍO Mini fuet, ideal para tomar como snack CAMPOFRÍO Snack´in 50 g.;Campofrio;1,48 €;50g;(29,60 € por kilogramo);Alcampo
ALCAMPO GOURMET Queso feta ALCAMPO GOURMET 150 g.;N/A;2,95 €;150g;(19,67 € por kilogramo);Alcampo
MATORRAL Virutas curadas de jamón y paleta (50% cerdo blanco, 50% cerdo ibérico) MATORRAL 150 g.;Masan;3,55 €;150g;(23,67 € por kilogramo);Alcampo
AUCHAN Bacon cocido cortado en lonchas, elaborado sin gluten y sin lactosa 200 g. Producto Alcampo;DESARROLLO DE MARCAS (Euomadi);1,88 €;200g;(9,40 € por kilogramo);Alcampo
GALBANI Queso rallado parmesano GALBANI 60 g.;Lactalis Forlasa;2,69 €;60g;(44,83 € por kilogramo);Alcampo
Banana a granel;TC GROUP ATLANTICO SL;1,29 €Aprox;1000g;Aprox;Alcampo
Chuletas de aguja, idelaes para freir;N/A;4,52 €Aprox;650g;Aprox;Alcampo
Manzanas rojas 1 kg.;WAY FRUIT;1,79 €;1000g;(1,79 € por kilogramo);Alcampo
Espinacas troceadas PRODUCTO ECONÓMICO ALCAMPO 300 g.;Primaflor;1,16 €;300g;(3,87 € por kilogramo);Alcampo
Granadas a granel;N/A;1,14 €Aprox;500g;Aprox;Alcampo
Pera conferencia a granel;AGROALIMENTARIA DE LA RIOJA 2001 S.L.;1,95 €Aprox;1000g;Aprox;Alcampo
Setas bandeja de 200g.;FUNGI CLM SOCIEDAD LIMITADA.;1,39 €;200g;(6,95 € por kilogramo);Alcampo
BLEU D´AUVERGNE Queso azul con ADP Auvergne BLEU D´AUVERGNE 100 g.;Alianze 3A;1,21 €;100g;(12,10 € por kilogramo);Alcampo
Batata a granel;ALICHAMPI ALICANTE S.L.;1,89 €Aprox;1000g;Aprox;Alcampo
AUCHAN Jamón serrano reserva (curación mínima de 12 meses) cortado en lonchas 250 g. Producto Alcampo;DESARROLLO DE MARCAS (Euomadi);4,26 €;250g;(17,04 € por kilogramo);Alcampo
Manzana Fuji a granel;N/A;2,89 €Aprox;1000g;Aprox;Alcampo
AUCHAN Queso en lonchas Havarti Light , 200 g. Producto Alcampo;DESARROLLO DE MARCAS (Euomadi);1,87 €;200g;(9,35 € por kilogramo);Alcampo
AUCHAN Mini fuets elaborados sin colorantes artificiales 50 g. Producto Alcampo;DESARROLLO DE MARCAS (Euomadi);1,04 €;50g;(20,80 € por kilogramo);Alcampo
AUCHAN Ensalada de brotes tiernos de espinaca, lechuga verde y remolacha rallada 70 g. Producto Alcampo;Florette;0,81 €;70g;(11,57 € por kilogramo);Alcampo
AUCHAN Contramuslos de pollo 4 uds. Producto Alcampo;N/A;2,45 €Aprox;500g;Aprox;Alcampo
Lechuga iceberg;Kernel Export;1,05 €;400g;(2,63 € por kilogramo);Alcampo
AUCHAN Pechuga de pavo (70% carne) cocida y cortada en finas lonchas 150 g. Producto Alcampo;DESARROLLO DE MARCAS (Euomadi);2,10 €;150g;(14,00 € por kilogramo);Alcampo
CASA TARRADELLAS Jamón cocido de categoria extra cortado en lonchas finas, elaborado sin gluten 125 g.;Casa Tarradellas;1,95 €;125g;(15,60 € por kilogramo);Alcampo
AUCHAN Queso en cuña Grana Padano DOP 200 g. Producto Alcampo;PLN Distribución;3,24 €;200g;(16,20 € por kilogramo);Alcampo
Manzanas gala 1 kg.;Frutas Niqui Madrimport;1,79 €;1000g;(1,79 € por kilogramo);Alcampo
Salmón (lomo);N/A;10,38 €Aprox;400g;Aprox;Alcampo
EL POZO Corte fresco 1954 Pechuga de pavo braseada, sin lactosa y sin colorantes, cortada en finas lonchas 120 g.;ElPozo;2,45 €;120g;(20,42 € por kilogramo);Alcampo
Chirimoyas a granel;N/A;3,99 €Aprox;1000g;Aprox;Alcampo
OSCAR MAYER Salchichas cocidas tipo Viena de pollo y cerdo sabor ahumado OSCAR MAYER Bocadillo 275 g.;Campofrio;1,71 €;275g;(6,22 € por kilogramo);Alcampo
Estofado de cerdo, ideal para guisos;N/A;4,79 €Aprox;600g;Aprox;Alcampo
Cebolla tubo 1 kg;ALMACENES LOMAR S.L;1,49 €;1000g;(1,49 € por kilogramo);Alcampo
AUCHAN Queso rallado con DOP Parmigiano Reggiano 100 g. Producto Alcampo;PLN Distribución;2,84 €;100g;(28,40 € por kilogramo);Alcampo
OSCAR MAYER Salchichas cocidas de pavo, sin gluten y con sabor ahumado OSCAR MAYER Todo ave 200 g.;Campofrio;1,05 €;200g;(5,25 € por kilogramo);Alcampo
AUCHAN Jamón curado en bodega, cortado en mini taquitos 2 x 75 g. Producto Alcampo;DESARROLLO DE MARCAS (Euomadi);2,20 €;150g;(14,67 € por kilogramo);Alcampo
Aguacate maduro 335 gr. aproximados;N/A;3,19 €;335g;(9,52 € por kilogramo);Alcampo
AUCHAN Pechuga pollo XXL. Producto Alcampo;Uvesa;9,83 €Aprox;1700g;Aprox;Alcampo
AUCHAN Queso rallado Grana Padano DOP 100 g. Producto Alcampo;PLN Distribución;1,62 €;100g;(16,20 € por kilogramo);Alcampo
ROLER La carniceria Pechuga de pollo en filetes extrafinos 320 g.;N/A;4,99 €;320g;(15,59 € por kilogramo);Alcampo
Barra de pan candeal de picos 300 g.;Panaderia Milagros Diaz;0,75 €;300g;(2,50 € por kilogramo);Alcampo
Tomate cherry bandeja de 250 g;N/A;1,39 €;250g;(5,56 € por kilogramo);Alcampo
PHILADELPHIA Queso de untar formato ahorro PHILADELPHIA 2 x 250 g.;Mondelez España;5,87 €;500g;(11,74 € por kilogramo);Alcampo
Caquis a granel;N/A;1,45 €Aprox;500g;Aprox;Alcampo
MILSABOR Salchichas cocidas de cerdo con sabor ahumado, tipo Frankfurt 140 g.;Argal;0,42 €;140g;(3,00 € por kilogramo);Alcampo
Patatas lavadas malla 3 kg;PATATAS LASSA SL;2,67 €;3000g;(0,89 € por kilogramo);Alcampo
AUCHAN Queso brie 200 g. Producto Alcampo;Lactalis Forlasa;1,52 €;200g;(7,60 € por kilogramo);Alcampo
AUCHAN ECONÓMICO Salchichas cocida de pavo y cerdo tipo Frankfurt y sabor ahumado Producto Económico Alcampo 170 g.;ElPozo;0,65 €;170g;(3,82 € por kilogramo);Alcampo
Cebolla dulce a granel;ALMACENES LOMAR S.L;1,59 €Aprox;1000g;Aprox;Alcampo
OSCAR MAYER Salchichas cocidas de cerdo y pollo con queso fundido y sabor ahumado OSCAR MAYER Wieners 200 g.;Campofrio;1,05 €;200g;(5,25 € por kilogramo);Alcampo
AUCHAN Queso rallado Emmental 200 g. Producto Alcampo;DESARROLLO DE MARCAS (Euomadi);1,89 €;200g;(9,45 € por kilogramo);Alcampo
Kiwi gold bandeja de 6 uds., 600 g,;N/A;4,99 €;600g;(8,32 € por kilogramo);Alcampo
Pepino Holandés 400 g.;N/A;0,89 €;400g;(2,23 € por kilogramo);Alcampo
Brócoli filmado 500 g.;N/A;1,29 €;500g;(2,58 € por kilogramo);Alcampo
Champiñones con pie cortado barqueta de 250 g.;FUNGI CLM SOCIEDAD LIMITADA.;1,26 €;250g;(5,04 € por kilogramo);Alcampo
CENTRAL LECHERA ASTURIANA Toscanella Queso burrata para ensalada 150 g.;TGT;3,25 €;150g;(21,67 € por kilogramo);Alcampo
AUCHAN Alita blanqueta partida de pollo. Producto Alcampo;Uvesa;3,91 €Aprox;700g;Aprox;Alcampo
Barra de pan común 250g.;N/A;0,44 €;250g;(1,76 € por kilogramo);Alcampo
ALCAMPO CULTIVAMOS LO BUENO Patatas para freir  2,5 kg.;N/A;4,78 €;2500g;(1,91 € por kilogramo);Alcampo
Pepino corto a granel;N/A;1,89 €Aprox;1000g;Aprox;Alcampo
Cebolleta blanca manojo de 350 g.;Agricolas Promaver;1,49 €;350g;(4,26 € por kilogramo);Alcampo
Patata blanca a granel;ALICHAMPI ALICANTE S.L.;1,59 €Aprox;1000g;Aprox;Alcampo
Uva roja a granel;TC GROUP ATLANTICO SL;1,85 €Aprox;500g;Aprox;Alcampo
Tomate rosado a granel;N/A;4,49 €Aprox;1000g;Aprox;Alcampo
EL POZO Pechuga de pavo 100% natural EL POZO bienstar 130 g.;ElPozo;1,98 €;130g;(15,23 € por kilogramo);Alcampo
NAVIDUL Jamón curado en Extremadura, cortado en medias lonchas y elaborado sin gluten y sin lactosa NAVIDUL 2 x 69 g.;Campofrio;3,45 €;138g;(25,00 € por kilogramo);Alcampo
NAVIDUL Jamón curado bodega, elaborado sin gluten ni lactosa y cortado en lonchas 45 g.;Campofrio;0,99 €;(0,99 € Unidad);N/A;Alcampo
Puerros bandeja de 420 g.;Agricolas Promaver;2,89 €;420g;(6,88 € por kilogramo);Alcampo
AUCHAN Salchichón extra elaborado sin gluten y cortado en finas lonchas 200 g. Producto Alcampo;DESARROLLO DE MARCAS (Euomadi);1,85 €;200g;(9,25 € por kilogramo);Alcampo
AUCHAN Rúcula bolsa de 100 g. Producto Alcampo;DESARROLLO DE MARCAS (Euomadi);1,51 €;100g;(15,10 € por kilogramo);Alcampo
Preparado para caldo bandeja de 600 g.;Agricolas Promaver;1,89 €;600g;(3,15 € por kilogramo);Alcampo
Levadura fresca LEVANOVA, 50g.;Exclusivas Ollero;0,44 €;50g;(8,80 € por kilogramo);Alcampo
Melón verde;N/A;5,37 €Aprox;3000g;Aprox;Alcampo
Tomate pera a granel;N/A;2,59 €Aprox;1000g;Aprox;Alcampo
AUCHAN Jamón serrano reserva (curación mínima de 12 meses), cortado en finas lonchas 120 g. Producto Alcampo;DESARROLLO DE MARCAS (Euomadi);2,44 €;120g;(20,33 € por kilogramo);Alcampo
Calabacín bandeja de 750 g.;Agroilla;2,74 €;750g;(3,65 € por kilogramo);Alcampo
Ajo morado Peregrin GOLD 100 g.;ALMACENES LOMAR S.L;1,19 €;100g;(11,90 € por kilogramo);Alcampo
Piña entera;ARC Eurobanan;5,47 €Aprox;1800g;Aprox;Alcampo
Puerros manojo;Agricolas Promaver;1,62 €;(1,62 € Unidad);N/A;Alcampo
ALCAMPO CULTIVAMOS LO BUENO  Alitas de pollo partidas Bandeja.;N/A;4,95 €Aprox;600g;Aprox;Alcampo
MONELLS Fiambre de pechuga de pavo, extrajugosa y cortada en finas lonchas MONELLS 210 g.;Embutidos Monells;2,59 €;210g;(12,33 € por kilogramo);Alcampo
Champiñones barqueta 500 g;FUNGI CLM SOCIEDAD LIMITADA.;2,59 €;500g;(5,18 € por kilogramo);Alcampo
Bandeja de preparado de carne picada mixta (vacuno-cerdo) ROLER 500 g.;N/A;4,59 €;500g;(9,18 € por kilogramo);Alcampo
PRODUCTO ECONÓMICO ALCAMPO Queso rallado con mozzarella 200 g.;DESARROLLO DE MARCAS (Euomadi);1,39 €;200g;(6,95 € por kilogramo);Alcampo
AUCHAN Contramuslos de pollo fileteado. Producto Alcampo;Uvesa;3,68 €Aprox;500g;Aprox;Alcampo
Trozo de cinta de lomo;Faccsa-Nevada;6,71 €Aprox;900g;Aprox;Alcampo
AUCHAN Pechuga de pollo filete. Producto Alcampo;Uvesa;3,64 €Aprox;500g;Aprox;Alcampo
Lubina mostrador - Filetes;N/A;5,37 €Aprox;600g;Aprox;Alcampo
CAMPOFRÍO Pechuga de pavo cocida cortada en lonchas CAMPOFRÍO Finissimas 115 g.;Campofrio;1,85 €;115g;(16,09 € por kilogramo);Alcampo
BURGO DE ARIAS Minitarrinas de queso fresco 6 x 75g.;Mantequerias Arias;5,39 €;432g;(12,48 € por kilogramo);Alcampo
AUCHAN Alas de pollo 14-18 uds XXL. Producto Alcampo;Uvesa;6,37 €Aprox;1600g;Aprox;Alcampo
Limones 750 g.;N/A;1,15 €;750g;(1,53 € por kilogramo);Alcampo
AUCHAN Queso Cheddar en lonchas 200 g. Producto Alcampo;DESARROLLO DE MARCAS (Euomadi);1,78 €;200g;(8,90 € por kilogramo);Alcampo
AUCHAN Pollo limpio para asar. Producto Alcampo;Uvesa;5,18 €Aprox;1600g;Aprox;Alcampo
Pimiento Italiano a granel;N/A;0,99 €Aprox;500g;Aprox;Alcampo
Berenjenas malla de 750 g.;N/A;1,69 €;750g;(2,25 € por kilogramo);Alcampo
NAVIDUL Longaniza del Pirineo, sin gluten y cortado en lonchas NAVIDUL 45 g.;Campofrio;0,99 €;(0,99 € Unidad);N/A;Alcampo
AUCHAN Burrata 125 g. Producto Alcampo;N/A;2,19 €;125g;(17,52 € por kilogramo);Alcampo
Bandeja de hamburguesas mixtas (pavo y pollo) ALDELÍS 4 x 80 g.;Aldelís;2,99 €;320g;(9,34 € por kilogramo);Alcampo
PESCANOVA Sucedáneo de angulas,sin gluten y sin lactosa PESCANOVA Anguriñas 2 x 100 g.;Pescanova Alimentacion;2,99 €;200g;(14,95 € por kilogramo);Alcampo
Aguacates a granel;Gourmet;3,17 €Aprox;600g;Aprox;Alcampo
Bandeja con escalopines de lomo de cerdo marinados y adobados EL POZO Extratiernos 300 g.;ElPozo;3,95 €;300g;(13,17 € por kilogramo);Alcampo
Zanahorias bolsa de 500 g.;COOP. AGRICOLA NTRA.SRA.DE OLIVA;0,79 €;500g;(1,58 € por kilogramo);Alcampo
AUCHAN Brotes selectos de espinaca, rúcula y lechuga roja 70 g. Producto Alcampo;DESARROLLO DE MARCAS (Euomadi);1,29 €;70g;(18,43 € por kilogramo);Alcampo
PRODUCTO ECONÓMICO ALCAMPO Queso fundido en lonchas PRODUCTO ECONÓMICO ALCAMPO 450 g.;N/A;2,19 €;450g;(4,87 € por kilogramo);Alcampo
AUCHAN Lomo embuchado, sin gluten y cortado en lonchas 2 x 60 g. Producto Alcampo;DESARROLLO DE MARCAS (Euomadi);2,15 €;120g;(17,92 € por kilogramo);Alcampo
OSCAR MAYER Bacon ahumado con humo de madera de haya, sin gluten y cortado en lonchas OSCAR MAYER 150 g.;Campofrio;2,24 €;150g;(14,93 € por kilogramo);Alcampo
Panecillo, 8uds, 360g.;N/A;1,72 €;400g;(4,30 € por kilogramo);Alcampo
Aguacate malla de 500 g.;Frutas Rafael Manzano E Hijos;2,29 €;500g;(4,58 € por kilogramo);Alcampo
AUCHAN Queso fresco 4 uds. 62,5 g. Producto Alcampo;DESARROLLO DE MARCAS (Euomadi);1,04 €;250g;(4,16 € por kilogramo);Alcampo
Pimientos tricolor bandeja de 500 g.;N/A;1,79 €;500g;(3,58 € por kilogramo);Alcampo
CASA TARRADELLAS Bacon cortado en cómodas y practicas cintas, elaborado sin gluten CASA TARRADELLAS 2 x 100 g.;Casa Tarradellas;1,84 €;200g;(9,20 € por kilogramo);Alcampo
TGT Queso rallado especial pasta TGT HOCHLAND 100 g.;TGT;1,35 €;100g;(13,50 € por kilogramo);Alcampo
Bandeja de preparado de carne picada mixta (vacuno-cerdo), elaborada sin gluten ROLER 800 g.;Roler España;7,99 €;800g;(9,99 € por kilogramo);Alcampo
AUCHAN Chorizo extra sin gluten. cortado en lonchas 200 g. Producto Alcampo;DESARROLLO DE MARCAS (Euomadi);1,85 €;200g;(9,25 € por kilogramo);Alcampo
Filetes de cinta de lomo de categoria extra;N/A;4,23 €Aprox;500g;Aprox;Alcampo
MONELLS Bacon cortado en lonchas y envasado al vacio MONELLS 180 g.;Embutidos Monells;1,49 €;180g;(8,28 € por kilogramo);Alcampo
ALCAMPO CULTIVAMONOS LO BUENO Mandarina a granel;N/A;1,89 €Aprox;1000g;Aprox;Alcampo
Tomate rama a granel;N/A;2,99 €Aprox;1000g;Aprox;Alcampo
AUCHAN Queso tierno mezcla en lonchas 200 g. Producto Alcampo;DESARROLLO DE MARCAS (Euomadi);1,86 €;200g;(9,30 € por kilogramo);Alcampo
AUCHAN Tiras de bacon cocido elaboradas sin gluten ni lactosa 2 x 100 g. Producto Alcampo;DESARROLLO DE MARCAS (Euomadi);1,74 €;200g;(8,70 € por kilogramo);Alcampo
EL POZO + Proteínas Pechuga de pavo cortada en lonchas y con alto contenido en proteina 130 g.;ElPozo;1,98 €;130g;(15,23 € por kilogramo);Alcampo
Uvas blancas sin pepitas, cesta 500 g.;N/A;3,39 €;500g;(6,78 € por kilogramo);Alcampo
PRODUCTO ECONÓMICO ALCAMPO Chorizo de Pamplona extra, elaborado sin gluten y cortado en lonchas PRODUCTO ECONÓMICO ALCAMPO 200 g.;DESARROLLO DE MARCAS (Euomadi);1,69 €;200g;(8,45 € por kilogramo);Alcampo
Patatas malla de 5 kg;PATATAS LASSA SL;4,19 €;5000g;(0,84 € por kilogramo);Alcampo
LARSA Queso en lonchas cremoso LARSA CLÁSICO 12 uds. 250 g.;Capsa;3,57 €;250g;(14,28 € por kilogramo);Alcampo
AUCHAN Jamón cocido de categoria extra, cortado en lonchas 250 g. Producto Alcampo;DESARROLLO DE MARCAS (Euomadi);2,54 €;250g;(10,16 € por kilogramo);Alcampo
Filetes de aguja sin hueso;N/A;4,48 €Aprox;500g;Aprox;Alcampo
CAMPOFRÍO Pechuga de pavo con sabor ahumado, cortada en lonchas 75 g.;Campofrio;0,98 €;75g;(13,07 € por kilogramo);Alcampo
Tomate cherry pera tarrina de 250 g.;N/A;1,39 €;250g;(5,56 € por kilogramo);Alcampo
EL POZO Corte fresco 1954 Pechuga de pavo cortada en finas lonchas 120 g.;ElPozo;2,48 €;120g;(20,67 € por kilogramo);Alcampo
AUCHAN Acelgas 300 g. Producto Alcampo;Primaflor;1,21 €;300g;(4,03 € por kilogramo);Alcampo
Uvas rojas sin pepitas, cesta 500 g.;N/A;2,69 €;500g;(5,38 € por kilogramo);Alcampo
GARCÍA BAQUERO Queso semicurado en lonchas GARCÍA BAQUERO 200 g.;Lacteas Garcia Baquero;3,65 €;200g;(18,25 € por kilogramo);Alcampo
AUCHAN Pechuga fileteada corte fino. Producto Alcampo;Helios;3,50 €Aprox;400g;Aprox;Alcampo
EL POZO Fiambre York loncha especial para sándwich, elaborado sin gluten EL POZO 300 g.;ElPozo;1,94 €;300g;(6,47 € por kilogramo);Alcampo
AUCHAN Queso para ensalada fresco en tacos 200 g. Producto Alcampo;DESARROLLO DE MARCAS (Euomadi);1,94 €;200g;(9,70 € por kilogramo);Alcampo
CAMPOFRÍO Pechuga de pavo cortada en lonchas 75 g.;Campofrio;0,98 €;75g;(13,07 € por kilogramo);Alcampo
PRODUCTO ECONÓMICO ALCAMPO Jamón cocido cortado en lonchas, sin gluten y sin lactosa PRODUCTO ECONÓMICO ALCAMPO 200 g.;Embutidos Monells;1,69 €;200g;(8,45 € por kilogramo);Alcampo
COREN Bandeja  de filetes de pechuga de pavo;N/A;7,17 €Aprox;600g;Aprox;Alcampo
Estofado de ternera de 2ª, especial guisos o cocción;NOVAFRIGSA;7,98 €Aprox;500g;Aprox;Alcampo
Perejil, manojo de 125 gramos aproximadamente;Agricolas Promaver;1,39 €;(1,39 € Unidad);N/A;Alcampo
Tomate negro a granel;N/A;2,79 €Aprox;1000g;Aprox;Alcampo
GARCÍA BAQUERO Queso semicurado de vaca, cabra y oveja GARCíA BAQUERO, 405 g.;Lacteas Garcia Baquero;7,09 €;405g;(17,51 € por kilogramo);Alcampo
AUCHAN Queso de untar natural 300 g. Producto Alcampo;DESARROLLO DE MARCAS (Euomadi);1,52 €;300g;(5,07 € por kilogramo);Alcampo
PRODUCTO ECONÓMICO ALCAMPO Filetes de anchoa en aceite de girasol PRODUCTO ECONÓMICO ALCAMPO 43 g.;Conservas Silvia;0,99 €;23g;(43,04 € por kilogramo);Alcampo
REVILLA Salami de categoria extra cortado en lonchas y elaborado sin gluten REVILLA 65 g.;Campofrio;0,96 €;65g;(14,77 € por kilogramo);Alcampo
ALCAMPO CULTIVAMOS LO BUENO Champiñones Portobello  250 g.;CHAMPIÑONES EMAR;1,75 €;250g;(7,00 € por kilogramo);Alcampo
Zanahoria bolsa de1 kg.;COOP. AGRICOLA NTRA.SRA.DE OLIVA;0,98 €;1000g;(0,98 € por kilogramo);Alcampo
AUCHAN Queso mozzarella rallado especial pizzas , 200 g. Producto Alcampo;DESARROLLO DE MARCAS (Euomadi);1,53 €;200g;(7,65 € por kilogramo);Alcampo
LA CARLOTEÑA Pechuguita de pollo asada al horno, cortada en lonchs 100 g.;La Carloteña;2,49 €;125g;(19,92 € por kilogramo);Alcampo
LA BROCHE Tiras de pechuga de pollo asado, ideales para ensaladas, arroces y pizzas LA BROCHE 125 g.;Embutidos La Pila;1,95 €;125g;(15,60 € por kilogramo);Alcampo
AUCHAN Canónigo Bolsa de 125 g. Producto Alcampo;DESARROLLO DE MARCAS (Euomadi);1,12 €;125g;(8,96 € por kilogramo);Alcampo
GALBANI Mozzarella GALBANI 125 g.;Lactalis Forlasa;1,96 €;125g;(15,68 € por kilogramo);Alcampo
Judías verdes malla de 500 g.;N/A;2,29 €;500g;(4,58 € por kilogramo);Alcampo
AUCHAN Ensalada gourmet (escarola rizada, radicchio y canónigos) bolsa 175 g. Producto Alcampo;DESARROLLO DE MARCAS (Euomadi);1,03 €;175g;(5,89 € por kilogramo);Alcampo
AUCHAN Queso en porciones 16 uds. Producto Alcampo;DESARROLLO DE MARCAS (Euomadi);1,44 €;250g;(5,76 € por kilogramo);Alcampo
Endibia flow pack  bandeja 450 g.;SAT NUMERO 424 NA ENDINAVA;1,72 €;450g;(3,82 € por kilogramo);Alcampo
Dorada mostrador - Filetes;N/A;5,97 €Aprox;600g;Aprox;Alcampo
Cebolla malla de 2 kg;ALMACENES LOMAR S.L;1,68 €;2000g;(0,84 € por kilogramo);Alcampo
EL CASERÍO Queso rallado en polvo EL CASERIO 80 g.;Mondelez España;1,30 €;80g;(16,25 € por kilogramo);Alcampo
Dorada mostrador - Entera limpia;N/A;5,97 €Aprox;600g;Aprox;Alcampo
ALCAMPO CULTIVAMOS LO BUENO Hamburguesas de vacuno Villa del Monte  2 x 150 g.;N/A;3,95 €;300g;(13,17 € por kilogramo);Alcampo
AUCHAN Queso fresco tarrina de 250 g. pack de 2 uds. Producto Alcampo;DESARROLLO DE MARCAS (Euomadi);1,80 €;500g;(3,60 € por kilogramo);Alcampo
NAVIDUL Jamón curado bodega con un 25% menos de sal, sin gluten ni lactosa, cortado en lonchas 45 g.;Campofrio;0,98 €;(0,98 € Unidad);N/A;Alcampo
Filetes de cinta de lomo extra;N/A;6,36 €Aprox;800g;Aprox;Alcampo
Albahaca ALCAMPO ECOLÓGICO 20 g.;DESARROLLO DE MARCAS (Euomadi);1,89 €;(1,89 € Unidad);N/A;Alcampo
MONELLS Pechuga de pavo cocida, sin gluten y cortada en finas lonchas MONELLS 2 x 180 g.;Embutidos Monells;4,95 €;360g;(13,75 € por kilogramo);Alcampo
Cogollos de lechuga bandeja de 3 uds.;Primaflor;1,29 €;3 por envase;(0,43 € Unidad);Alcampo
ALCAMPO CULTIVAMOS LO BUENO Limón  malla de 1 kg.;N/A;2,15 €;1000g;(2,15 € por kilogramo);Alcampo
Pepino malla de 1kg.;N/A;1,79 €;1000g;(1,79 € por kilogramo);Alcampo
ALCAMPO CULTIVAMOS LO BUENO Hamburguesa de añojo Angus de origen nacional  2 x 150 g.;N/A;4,25 €;300g;(14,17 € por kilogramo);Alcampo
AUCHAN Rulo queso de cabra 180 g. Producto Alcampo;DESARROLLO DE MARCAS (Euomadi);2,06 €;180g;(11,44 € por kilogramo);Alcampo
Calabacines a granel;N/A;2,49 €Aprox;1000g;Aprox;Alcampo
AUCHAN Cuarto trasero de pollo 2 uds bandeja. Producto Alcampo;Uvesa;2,87 €Aprox;800g;Aprox;Alcampo
Pechuga de pavo asada al natural FRIAL - Loncha fina 1 mm;EMBUTIDOS FRIAL S.A.;3,62 €Aprox;170g;Aprox;Alcampo
ARGAL Bonnatur jamón cocido exta, cortado en lonchas 140 g.;Argal;2,34 €;130g;(18,00 € por kilogramo);Alcampo
AUCHAN Queso Mozzarella en lonchas 200 g. Producto Alcampo;DESARROLLO DE MARCAS (Euomadi);1,72 €;200g;(8,60 € por kilogramo);Alcampo
BABYBEL Queso en porciones BABYBEL MINI 10 uds de 20 g.;Grupo Fromageries Bel España, S.L.U.;4,21 €;200g;(21,05 € por kilogramo);Alcampo
SÁNCHEZ ALCARAZ Jamón curado cortado en mini taquitos SÁNCHEZ ALCARAZ 2 x 40 g.;Sanchez Alcaraz;0,96 €;80g;(12,00 € por kilogramo);Alcampo
ALCAMPO CULTIVAMOS LO BUENO  Solomillos de pollo certificado Bandeja.;N/A;5,62 €Aprox;450g;Aprox;Alcampo
Kiwis ZESPRI GREEN 4 uds. 450 g.;Grupo Fernandez;3,39 €;500g;(6,78 € por kilogramo);Alcampo
EMCESA Bandeja de cinta de lomo de cerdo adobadada, cortada en filetitos;N/A;6,71 €Aprox;900g;Aprox;Alcampo
Cebollas morada OSVI Malla de 500 g.;ALMACENES LOMAR S.L;1,45 €;500g;(2,90 € por kilogramo);Alcampo
AUCHAN Queso en lonchas Gouda 200 g. Producto Alcampo;DESARROLLO DE MARCAS (Euomadi);1,39 €;200g;(6,95 € por kilogramo);Alcampo
PHILADELPHIA Queso de untar formato familiar PHILADELPHIA Original 350 g.;Mondelez España;3,39 €;350g;(9,69 € por kilogramo);Alcampo
AUCHAN Taquitos de jamón curado en bodega 2 x 75 g. Producto Alcampo;DESARROLLO DE MARCAS (Euomadi);2,25 €;150g;(15,00 € por kilogramo);Alcampo
LEGADO de El Pozo Jamón extra asado con madera de Haya, cortado en lonchas 130 g.;ElPozo;2,56 €;130g;(19,69 € por kilogramo);Alcampo
AUCHAN Mozzarella fresca 125 g. Producto Alcampo;DESARROLLO DE MARCAS (Euomadi);1,11 €;125g;(8,88 € por kilogramo);Alcampo
AUCHAN Queso en lonchas sin lactosa , 150 g. Producto Alcampo;DESARROLLO DE MARCAS (Euomadi);1,95 €;150g;(13,00 € por kilogramo);Alcampo
PRODUCTO ECONÓMICO ALCAMPO Queso rallado mezcla (cheddar, gouda y Emmental) PRODUCTO ECONÓMICO ALCAMPO 200 g.;DESARROLLO DE MARCAS (Euomadi);1,61 €;200g;(8,05 € por kilogramo);Alcampo
Frambuesas, tarrina de 170 g.;N/A;2,19 €;170g;(12,88 € por kilogramo);Alcampo
EL CASERÍO Queso rallado 4 quesos 100 % naturales EL CASERIO 120 g.;Mondelez España;2,63 €;120g;(21,92 € por kilogramo);Alcampo
Calabaza cortada rodajas FRUJUCA 500 Gramos;N/A;1,99 €;500g;(3,98 € por kilogramo);Alcampo
Manzana Granny Smith a granel;WAY FRUIT;2,49 €Aprox;1000g;Aprox;Alcampo
Bandeja con preparado de carne picada de vacuno ROLER 800 g.;Roler España;7,99 €;800g;(9,99 € por kilogramo);Alcampo
PALACIOS Chorizo casero especial para cocinar PALACIOS 225 g.;Palacios;3,18 €;225g;(14,13 € por kilogramo);Alcampo
AUCHAN Solomillo pollo bandeja. Producto Alcampo;Uvesa;4,18 €Aprox;500g;Aprox;Alcampo
AUCHAN Pechuga de pollo 3 uds. Producto Alcampo;Uvesa;5,32 €Aprox;800g;Aprox;Alcampo
Arándanos vaso 500 g.;Euroberry Marketing;8,59 €;500g;(17,18 € por kilogramo);Alcampo
Pera conferencia cesta de 1 kg.;TC GROUP ATLANTICO SL;1,85 €;1000g;(1,85 € por kilogramo);Alcampo
Kiwis 1 kg.;TC GROUP ATLANTICO SL;3,79 €;1000g;(3,79 € por kilogramo);Alcampo
Barra de pan con masa madre de Fabricación Propia, 250g.;N/A;0,46 €;250g;(1,84 € por kilogramo);Alcampo
Tomates cherry bandeja de 500 g.;N/A;2,79 €;500g;(5,58 € por kilogramo);Alcampo
EL POZO 1954 Jamón cocido de categoria extra, sin lactosa, ni colorantes cortado en lonchas 150 g.;ElPozo;1,99 €;150g;(13,27 € por kilogramo);Alcampo
ALCAMPO CULTIVAMOS LO BUENO Mandarinas  1,5 kg.;N/A;2,80 €;1500g;(1,87 € por kilogramo);Alcampo
JAMONES ARROYO Tiras premium de jamón curado JAMONES ARROYO 2 x 75 g.;N/A;1,99 €;150g;(13,27 € por kilogramo);Alcampo
AUCHAN Queso Havarti en lonchas 200 g. Producto Alcampo;DESARROLLO DE MARCAS (Euomadi);1,87 €;200g;(9,35 € por kilogramo);Alcampo
Mandarinas malla 1 kg;N/A;1,79 €;1000g;(1,79 € por kilogramo);Alcampo
CAMPOFRÍO Salchichas cocidas tipo Frankfurt, sabor ahumado CAMPOFRÍO 4 x 140 g.;Campofrio;2,24 €;560g;(4,00 € por kilogramo);Alcampo
Arándanos, tarrina de 170 g.;Las Palmeritas;3,19 €;170g;(18,76 € por kilogramo);Alcampo
Plátano Canario extra bolsa;TC GROUP ATLANTICO SL;1,69 €Aprox;1000g;Aprox;Alcampo
CAMPOFRÍO Pechuga de pavo cocida cortada en finas lonchas CAMPOFRÍO Finissimas 170 g.;Campofrio;2,88 €;170g;(16,94 € por kilogramo);Alcampo
PRODUCTO ECONÓMICO ALCAMPO Salmón Atlántico ahumado cortado en lonchas 80 g.;La Balinesa;2,75 €;80g;(34,38 € por kilogramo);Alcampo
TGT Queso rallado mezcla 4 quesos, para fundir y gratinar TGT 150 g.;TGT;2,10 €;150g;(14,00 € por kilogramo);Alcampo
ARGAL Bonnatur Jamón asado al horno, cortado en lonchas enteras 125 g.;Argal;2,34 €;125g;(18,72 € por kilogramo);Alcampo
AUCHAN Calabaza troceada al vacío 400 g. Producto Alcampo;N/A;2,29 €;400g;(5,73 € por kilogramo);Alcampo
AUCHAN Chorizo cortado en taquitos, elaborado sin gluten 2 x 50 g. Producto Alcampo;DESARROLLO DE MARCAS (Euomadi);1,39 €;100g;(13,90 € por kilogramo);Alcampo
FERRARINI Mortadela con IGP Bologna, cortada en finas lonchas FERRARINI 100 g.;Ferrarini;2,52 €;100g;(25,20 € por kilogramo);Alcampo
Gallitos mostrador - Entero limpio;N/A;1,27 €Aprox;160g;Aprox;Alcampo
AUCHAN Salmón ahumado Noruego en lonchas 100 g. Producto Alcampo;DESARROLLO DE MARCAS (Euomadi);3,68 €;100g;(36,80 € por kilogramo);Alcampo
TORRES Naranjas malla 1,5 kg.;N/A;2,99 €;1500g;(1,99 € por kilogramo);Alcampo
ROLER Selección Bandeja de preparado de carne picada de vacuno, elaborada sin gluten ni lactosa 400 g.;Roler España;4,49 €;400g;(11,23 € por kilogramo);Alcampo
ALCAMPO CULTIVAMOS LO BUENO Champiñón laminado  Bandeja de 250 g.;CHAMPIÑONES EMAR;1,64 €;250g;(6,56 € por kilogramo);Alcampo
AUCHAN Queso de untar light natural 300 g. Producto Alcampo;DESARROLLO DE MARCAS (Euomadi);1,31 €;300g;(4,37 € por kilogramo);Alcampo
Naranjas de zumo malla 1,5 kg.;N/A;1,99 €;1500g;(1,33 € por kilogramo);Alcampo
Pimientos rojos a granel;N/A;3,49 €Aprox;1000g;Aprox;Alcampo
AUCHAN Jamoncitos de pollo 6 uds. Producto Alcampo;Uvesa;4,19 €Aprox;900g;Aprox;Alcampo
AUCHAN Lechuga Iceberg 200 g. Producto Alcampo;Primaflor;0,94 €;200g;(4,70 € por kilogramo);Alcampo
