product_name,price,price_quantity
Turrón crujiente de chocolate con leche Dulce Noel Dia bolsa 140 g,"1,29 €","(9,21 €/KILO)"
Turrón de chocolate con arroz inflado clásico Suchard 230 g,"3,99 €","(17,35 €/KILO)"
Turrón de crema de cacahuete Dulce Noel Dia caja 150 g,"1,19 €","(7,93 €/KILO)"
Turrón de coco Dulce Noel Dia caja 150 g,"1,15 €","(7,67 €/KILO)"
Turrón de pistacho Dulce Noel Dia caja 150 g,"2,95 €","(19,67 €/KILO)"
Turrón de jijona Dulce Noel Dia caja 150 g,"2,19 €","(14,60 €/KILO)"
Turrón crujiente de chocolate blanco con galletas Dulce Noel Dia bolsa 150 g,"1,99 €","(13,27 €/KILO)"
Turrón de yema tostada Dulce Noel Dia caja 150 g,"1,75 €","(11,67 €/KILO)"
Turrón crujiente de chocolate blanco Dulce Noel Dia bolsa 150 g,"1,99 €","(13,27 €/KILO)"
Trufas al cacao puro Lacasa caja 85 g,"1,09 €","(12,82 €/KILO)"
Surtido de lenguas de gato Temptation de Dia caja 60 g,"1,99 €","(33,17 €/KILO)"
Cacahuetes recubiertos de 3 chocolates Naturmundo de Dia bolsa 200 g,"2,22 €","(11,10 €/KILO)"
Almendras garrapiñadas Naturmundo de Dia bolsa 150 g,"1,69 €","(11,27 €/KILO)"
Chocolate mints Temptation de Dia caja 165 g,"1,99 €","(12,06 €/KILO)"
Cortadillo relleno de cabello de Ángel La flor de Antequera caja 144 g,"1,50 €","(10,42 €/KILO)"
Barquillos rellenos de crema de turrón Dulce Noel Dia lata 200 g,"2,99 €","(14,95 €/KILO)"
Galletas de jengibre Dulce Noel Dia caja 300 g,"2,59 €","(8,63 €/KILO)"
Galletas con mantequilla Dulce Noel Dia caja 125 g,"1,50 €","(12,00 €/KILO)"
Selección de especialidades Dulce Noel Dia bandeja 700 g,"4,49 €","(6,41 €/KILO)"
Hojaldrada rellena de crema de cacao La flor de Antequera caja 160 g,"1,50 €","(10,71 €/KILO)"
Surtido de mazapanes Dulce Noel Dia caja 300 g,"2,99 €","(9,97 €/KILO)"
Mantecados de limón La flor de Antequera caja 190 g,"1,20 €","(6,32 €/KILO)"
Mantecados de almendra La flor de Antequera caja 190 g,"1,20 €","(6,32 €/KILO)"
Mantecados de cacao La flor de Antequera caja 190 g,"1,20 €","(6,32 €/KILO)"
Mantecados de canela La flor de Antequera caja 190 g,"1,20 €","(6,32 €/KILO)"
Hojaldrinas Hojaldrina bolsa 400 g,"4,75 €","(11,88 €/KILO)"
Figuritas de mazapán Dulce Noel Dia caja 200 g,"2,09 €","(10,45 €/KILO)"
Polvorón tradicional La estepeña caja 450 g,"5,39 €","(11,98 €/KILO)"
Panettone de chocolate La hornada Dia bolsa 900 g,"4,99 €","(5,54 €/KILO)"
Panettone de chocolate Dulce Noel Dia caja 500 g,"4,29 €","(8,58 €/KILO)"
Panettone clásico con frutas Dulce Noel Dia caja 500 g,"4,29 €","(8,58 €/KILO)"
Roscón de Reyes premium con nata El Horno Real Dia caja 875 g,"9,99 €","(11,10 €/KILO)"
Mini panettone de chocolate La hornada Dia bolsa 100 g,"1,29 €","(12,90 €/KILO)"
Panettone clásico La hornada Dia bolsa 900 g,"4,99 €","(5,54 €/KILO)"
Mini panettone clásico El molino de Dia bolsa 100 g,"1,29 €","(12,90 €/KILO)"
Pandoro de limón La hornada Dia bolsa 750 g,"4,99 €","(6,65 €/KILO)"
Pandoro con chocolate La hornada Dia bolsa 750 g,"4,99 €","(6,65 €/KILO)"
Paleta cebo ibérica 50% semideshuesado Sánchez Alcaraz 4.5 Kg,"59,00 €","(13,11 €/KILO)"
Paleta de cebo ibérica Navidul estuche 5 x 40 g,"10,00 €","(50,00 €/KILO)"
Maletín de paleta de cebo Ibérica 50% Navidul 700 g,"39,00 €","(55,71 €/KILO)"
Salchichón ibérico gran selección Navidul sobre 100 g,"2,59 €","(25,90 €/KILO)"
Jamón de cebo ibérico 50% de raza ibérica Navidul sobre 110 g,"7,25 €","(65,91 €/KILO)"
Chorizo ibérico gran selección Navidul sobre 100 g,"2,59 €","(25,90 €/KILO)"
Paleta de cebo ibérico 50% de raza ibérica Navidul sobre 104 g,"6,25 €","(60,10 €/KILO)"
Langostino cocido grande 32/48 piezas Mari Marinera de Dia caja 800 g,"5,99 €","(7,49 €/KILO)"
Croquetas cremosas de gambón Al Punto Dia bolsa 300 g,"2,99 €","(9,97 €/KILO)"
Croquetas cremosas de queso azul y cebolla caramelizada Al Punto Dia bolsa 300 g,"2,99 €","(9,97 €/KILO)"
Langostino crudo grande 32/48 piezas Mari Marinera de Dia caja 800 g,"5,99 €","(7,49 €/KILO)"
Canelones de cochinillo Al Punto Dia caja 300 g,"2,49 €","(8,30 €/KILO)"
Canelones de foie y trufa Al Punto Dia caja 300 g,"2,49 €","(8,30 €/KILO)"
Canelones de marisco Al Punto Dia caja 300 g,"2,49 €","(8,30 €/KILO)"
Croquetas cremosas de pollo y trufa Al Punto Dia bolsa 300 g,"2,99 €","(9,97 €/KILO)"
Saquitos de marisco Al Punto Dia caja 150 g,"3,99 €","(26,60 €/KILO)"
Sidra espumosa Sidrallero botella 75 cl,"1,60 €","(2,13 €/LITRO)"
Cava semiseco Grand astoria botella 75 cl,"2,95 €","(3,93 €/LITRO)"
Cava brut Grand astoria botella 75 cl,"2,95 €","(3,93 €/LITRO)"
Cava reserva brut nature Grand astoria botella 75 cl,"4,45 €","(5,93 €/LITRO)"
Cava brut nature Grand astoria botella 75 cl,"3,95 €","(5,27 €/LITRO)"
Sidra natural Cortina botella 70 cl,"2,40 €","(3,43 €/LITRO)"
Sidra extra El gaitero botella 75 cl,"3,30 €","(4,40 €/LITRO)"
Sidra El gaitero botella 75 cl,"2,55 €","(3,40 €/LITRO)"
Tónica berries Toni Tónico de Dia botella 20 cl,"0,79 €","(3,95 €/LITRO)"
Crema de queso azul con cebolla caramelizada Nuestra Alacena de Dia frasco 110 g,"1,89 €","(17,18 €/KILO)"
Patatas fritas a la sartén sabor queso curado y trufa Snack Maniac de Dia bolsa 130 g,"1,19 €","(9,17 €/KILO)"
Mini tostas con arándanos El molino de Dia bolsa 90 g,"1,19 €","(13,22 €/KILO)"
Crema de queso curado con aceite de oliva virgen extra Nuestra Alacena de Dia frasco 110 g,"1,89 €","(17,18 €/KILO)"
Servilletas Navidad 3 capas La Llama Dia bolsa 20 unidades,"1,19 €","(0,06 €/UNIDAD)"
Patatas fritas a la sartén sabor jamón ibérico Snack Maniac de Dia bolsa 130 g,"1,19 €","(9,17 €/KILO)"
Mini tostas con aceite de oliva virgen extra El molino de Dia bolsa 90 g,"1,19 €","(13,22 €/KILO)"
Crema de queso de cabra con anacardos Nuestra Alacena de Dia frasco 110 g,"1,89 €","(17,18 €/KILO)"
Paté de cerdo ibérico con trufa Nuestra Alacena de Dia frasco 110 g,"1,89 €","(17,18 €/KILO)"
Bacon en tiras Nuestra Alacena de Dia bandeja 2 x 100 g,"1,76 €","(8,80 €/KILO)"
Pechuga de pavo Nuestra Alacena de Dia sobre 2 x 200 g,"3,30 €","(8,25 €/KILO)"
Jamón cocido extra Nuestra Alacena de Dia sobre 2 x 225 g,"3,45 €","(7,67 €/KILO)"
Bacon en lonchas Nuestra Alacena de Dia sobre 200 g,"1,99 €","(9,95 €/KILO)"
Jamón cocido extra bajo en sal Nuestra Alacena de Dia sobre 200 g,"1,99 €","(9,95 €/KILO)"
Jamón cocido extra Elpozo 1954 sobre 150 g,"2,00 €","(13,33 €/KILO)"
Mortadela con aceitunas Nuestra Alacena de Dia sobre 250 g,"1,25 €","(5,00 €/KILO)"
Jamón cocido extra 97% carne Nuestra Alacena de Dia sobre 150 g,"1,99 €","(13,27 €/KILO)"
Mortadela Nuestra Alacena de Dia sobre 250 g,"1,25 €","(5,00 €/KILO)"
Jamón de cebo ibérico 50% Nuestra Alacena de Dia bandeja 90 g,"3,48 €","(38,67 €/KILO)"
Paleta de cebo ibérica 50% Nuestra Alacena de Dia bandeja 100 g,"4,89 €","(48,90 €/KILO)"
Jamón Serrano Nuestra Alacena de Dia bandeja 200 g,"3,59 €","(17,95 €/KILO)"
MEDIAS LONCHAS Jamón Serrano Nuestra Alacena de Dia bandeja 100 g,"1,73 €","(17,30 €/KILO)"
LONCHAS EXTRAFINAS Jamón Serrano Nuestra Alacena de Dia bandeja 120 g,"2,45 €","(20,42 €/KILO)"
Mini taquitos de jamón Nuestra Alacena de Dia bandeja 2 x 75 g,"2,21 €","(14,73 €/KILO)"
Jamón curado Navidul sobre 45 g,"1,00 €","(22,22 €/KILO)"
Paleta Curada 50% Duroc Nuestra Alacena de Dia bandeja 110 g,"2,69 €","(24,45 €/KILO)"
Jamón curado Elpozo 1954 bandeja 2 x 75 g,"3,00 €","(20,00 €/KILO)"
Espetec extra Casa Tarradellas bolsa 180 g,"2,49 €","(13,83 €/KILO)"
Lomo embuchado Nuestra Alacena de Dia bandeja 2 x 70 g,"2,49 €","(17,79 €/KILO)"
Chorizo de pamplona extra Nuestra Alacena de Dia bandeja 2 x 100 g,"1,73 €","(8,65 €/KILO)"
Chorizo extra dulce Nuestra Alacena de Dia bolsa 270 g,"2,40 €","(8,89 €/KILO)"
Chorizo extra Nuestra Alacena de Dia bandeja 2 x 100 g,"1,75 €","(8,75 €/KILO)"
Salami extra Nuestra Alacena de Dia bandeja 200 g,"1,62 €","(8,10 €/KILO)"
Espetec extra Nuestra Alacena de Dia bolsa 170 g,"2,25 €","(13,24 €/KILO)"
Chorizo y salchichón extra Nuestra Alacena de Dia bandeja 2 x 100 g,"2,39 €","(11,95 €/KILO)"
Salchichón extra Nuestra Alacena de Dia bandeja 2 x 100 g,"1,71 €","(8,55 €/KILO)"
Queso semicurado Mahón Quesería del Mundo 220 g,"3,49 €","(15,86 €/KILO)"
Queso mozzarella rallado Dia Láctea bolsa 200 g,"1,57 €","(7,85 €/KILO)"
Queso semicurado ibérico Quesería del Mundo 175 g,"2,99 €","(17,09 €/KILO)"
Queso mezcla 4 quesos rallado Dia Láctea bolsa 200 g,"1,92 €","(9,60 €/KILO)"
Queso tierno de vaca El Cencerro de Dia sobre 250 g,"2,00 €","(8,00 €/KILO)"
Queso de oveja curado El Cencerro de Dia 250 g,"2,99 €","(11,97 €/KILO)"
Queso curado El Cencerro de Dia 250 g,"2,99 €","(11,96 €/KILO)"
Queso de cabra roqueforti Quesería del Mundo 150 g,"2,99 €","(19,93 €/KILO)"
Queso semicurado El Cencerro de Dia Dia 250 g,"2,75 €","(11,00 €/KILO)"
Queso fresco natural Dia Láctea tarrina 4 x 62.5 g,"1,06 €","(4,24 €/KILO)"
Queso mozzarella fresca Selección Mundial de Dia bolsa 125 g,"0,99 €","(7,92 €/KILO)"
Queso fresco natural Dia Láctea tarrina 250 g,"0,99 €","(3,96 €/KILO)"
Queso fresco de vaca El Cencerro de Dia tarrina 250 g,"1,63 €","(6,52 €/KILO)"
Queso fresco 0% m.g Dia Láctea tarrina 4 x 62.5 g,"1,06 €","(4,24 €/KILO)"
Queso burrata Selección Mundial de Dia tarrina 150 g,"2,55 €","(17,00 €/KILO)"
Queso fresco de cabra El Cencerro de Dia tarrina 250 g,"2,65 €","(10,60 €/KILO)"
Queso feta D.O.P. Selección Mundial de Dia bolsa 150 g,"2,40 €","(16,00 €/KILO)"
Queso fresco sin lactosa Dia Láctea tarrina 4 x 62.5 g,"1,71 €","(6,84 €/KILO)"
Queso roquefort Selección Mundial de Dia bandeja 100 g,"1,79 €","(17,90 €/KILO)"
Queso azul El Cencerro de Dia bandeja 150 g,"1,87 €","(12,47 €/KILO)"
Queso gorgonzola D.O.P. Selección Mundial de Dia bandeja 200 g,"2,42 €","(12,10 €/KILO)"
Queso brie azul Petit blue 150 g,"2,03 €","(13,53 €/KILO)"
Queso picón azul Bejes-Tresviso Quesería del Mundo 150 g,"2,49 €","(16,60 €/KILO)"
Queso fundido sándwich Dia Láctea bolsa 300 g,"1,62 €","(5,40 €/KILO)"
Queso de untar natural Dia Láctea tarrina 250 g,"1,10 €","(4,40 €/KILO)"
Crema con queso de cabra Dia Láctea tarrina 125 g,"1,35 €","(10,80 €/KILO)"
Queso de untar natural light Dia Láctea tarrina 250 g,"1,10 €","(4,40 €/KILO)"
Queso fundido en porciones Dia Láctea caja 375 g,"2,03 €","(5,41 €/KILO)"
Queso fundido burger con cheddar Dia Láctea bolsa 300 g,"1,79 €","(5,97 €/KILO)"
Queso de untar original Philadelphia tarrina 250 g,"2,73 €","(10,92 €/KILO)"
Crema con queso camembert Dia Láctea tarrina 125 g,"1,35 €","(10,80 €/KILO)"
Queso fundido light Dia Láctea bolsa 300 g,"1,84 €","(6,13 €/KILO)"
Queso Morbier D.O.P. Petite Quesería del Mundo 180 g,"3,49 €","(19,39 €/KILO)"
Queso Munster Quesería del Mundo 125 g,"2,49 €","(19,92 €/KILO)"
Queso gouda cominos Quesería del Mundo 175 g,"2,49 €","(14,23 €/KILO)"
Queso Wensleydale con arándanos Quesería del Mundo 150 g,"2,99 €","(19,93 €/KILO)"
Queso mascarpone gorgonzola Quesería del Mundo 180 g,"2,99 €","(16,61 €/KILO)"
Queso Appenzeller Quesería del Mundo 200 g,"4,99 €","(24,95 €/KILO)"
Queso edam Selección Mundial de Dia sobre 240 g,"1,67 €","(6,96 €/KILO)"
Queso gouda Selección Mundial de Dia sobre 240 g,"1,75 €","(7,29 €/KILO)"
Queso brie Selección Mundial de Dia 200 g,"1,62 €","(8,10 €/KILO)"
Salchichas cocidas frankfurt con queso Funky Frank de Dia bolsa 4 x 140 g,"1,68 €","(3,00 €/KILO)"
Salchichas cocidas frankfurt Funky Frank de Dia bolsa 4 x 160 g,"1,75 €","(2,73 €/KILO)"
Salchichas frankfurt Elpozo bolsa 2 x 140 g,"1,00 €","(3,57 €/KILO)"
Salchichas cocidas frankfurt Campofrío bolsa 4 x 140 g,"2,25 €","(4,02 €/KILO)"
Salchichas cocidas Viena de pollo Funky Frank de Dia bolsa 3 x 200 g,"2,19 €","(3,65 €/KILO)"
Salchichas cocidas Viena con queso Funky Frank de Dia bolsa 3 x 200 g,"2,09 €","(3,48 €/KILO)"
Salchichas cocidas súper Funky Frank de Dia bolsa 350 g,"1,99 €","(5,69 €/KILO)"
Salchichas frankfurt con queso Elpozo bolsa 2 x 140 g,"1,00 €","(3,57 €/KILO)"
Salchichas cocidas wieners Oscar mayer bolsa 200 g,"1,39 €","(6,95 €/KILO)"
Paté de cerdo intenso Nuestra Alacena de Dia pack 3 x 75 g,"1,75 €","(7,78 €/KILO)"
Paté de atún Nuestra Alacena de Dia pack 2 x 75 g,"1,60 €","(10,67 €/KILO)"
Mousse de foie de pato Aoste blister 100 g,"1,99 €","(19,90 €/KILO)"
Paté a la pimienta Nuestra Alacena de Dia frasco 125 g,"1,09 €","(8,72 €/KILO)"
Paté de salmón Nuestra Alacena de Dia frasco 110 g,"1,49 €","(13,55 €/KILO)"
Paté de campaña Nuestra Alacena de Dia frasco 125 g,"1,09 €","(8,72 €/KILO)"
Paté La piara Tapa Negra lata 3 x 75 g,"3,99 €","(17,73 €/KILO)"
Paté de hígado de cerdo suave Nuestra Alacena de Dia pack 2 x 75 g,"1,29 €","(8,60 €/KILO)"
Paté a las finas hierbas Nuestra Alacena de Dia frasco 125 g,"1,09 €","(8,72 €/KILO)"
Filetes de pechuga de pollo Selección de Dia bandeja 550 g aprox.,"4,17 €","(7,59 €/KILO)"
Jamoncitos de pollo familiar Selección de Dia bandeja 950 g aprox.,"3,60 €","(3,79 €/KILO)"
Cuartos traseros de pollo Selección de Dia bandeja 650 g aprox.,"2,20 €","(3,39 €/KILO)"
Longaniza de pollo Selección de Dia bandeja 400 g,"2,99 €","(7,48 €/KILO)"
Filetes de pechuga de pollo corte fino Selección de Dia bandeja 450 g aprox.,"3,22 €","(7,15 €/KILO)"
Solomillo de pollo empanado Selección de Dia bandeja 500 g aprox.,"4,38 €","(8,75 €/KILO)"
Pechuga de pollo entera formato familiar Selección de Dia bandeja 1.1 Kg aprox.,"7,03 €","(6,39 €/KILO)"
Pechugas enteras de pollo Selección de Dia bandeja 600 g aprox.,"4,19 €","(6,99 €/KILO)"
Alas partidas de pollo Selección de Dia bandeja 600 g aprox.,"3,29 €","(5,49 €/KILO)"
Ternera en tacos añojo Selección de Dia bandeja 450 g aprox.,"6,30 €","(13,99 €/KILO)"
Escalopines de ternera Selección de Dia bandeja 400 g aprox.,"6,36 €","(15,89 €/KILO)"
Filete 1ºa de ternera Selección de Dia bandeja 450 g aprox.,"7,20 €","(15,99 €/KILO)"
Escalopín de vacuno extratierno Elpozo Extratiernos bandeja 600 g aprox.,"9,59 €","(15,99 €/KILO)"
Entrecot de lomo bajo de vacuno Selección de Dia bandeja 420 g aprox.,"8,40 €","(19,99 €/KILO)"
Filete tapilla añojo Selección de Dia bandeja 350 g aprox.,"7,00 €","(19,99 €/KILO)"
Medallón de cadera vacuno Selección de Dia bandeja 350 g aprox.,"5,95 €","(16,99 €/KILO)"
Carpaccio con salsa de trufa Casa de vacas bandeja 125 g,"4,99 €","(39,92 €/KILO)"
Steak tartar marinado Casa de vacas bandeja 180 g,"8,99 €","(49,94 €/KILO)"
Estofado de cerdo Selección de Dia bandeja 500 g aprox.,"3,00 €","(5,99 €/KILO)"
Filete de cinta de lomo marinado Selección de Dia bandeja 300 g,"2,69 €","(8,97 €/KILO)"
Solomillo de cerdo Selección de Dia bolsa 600 g aprox.,"5,39 €","(8,99 €/KILO)"
Longaniza sin tripa Selección de Dia bandeja 325 g,"1,99 €","(6,12 €/KILO)"
Chuleta de aguja de cerdo Selección de Dia bandeja 600 g aprox.,"3,77 €","(6,29 €/KILO)"
Costillas troceadas de cerdo Selección de Dia bandeja 450 g aprox.,"3,69 €","(8,19 €/KILO)"
Arreglo para caldo Selección de Dia bandeja 1 Kg aprox.,"5,39 €","(5,39 €/KILO)"
Escalopín de lomo de cerdo marinado Elpozo Extratiernos bandeja 600 g aprox.,"4,99 €","(8,32 €/KILO)"
Lomo extra adobado Selección de Dia bandeja 300 g,"2,39 €","(7,97 €/KILO)"
Solomillo de pavo Selección de Dia bandeja 400 g aprox.,"3,20 €","(7,99 €/KILO)"
Chuletas de pavo al ajillo Selección de Dia bandeja 550 g aprox.,"3,84 €","(6,99 €/KILO)"
Filetes de pechuga de pavo Selección de Dia bandeja 650 g aprox.,"5,84 €","(8,99 €/KILO)"
Pechuga de pavo adobada Serrano bandeja 240 g,"2,29 €","(9,54 €/KILO)"
Filete de pavo al pimentón Selección de Dia bandeja 575 g aprox.,"5,17 €","(8,99 €/KILO)"
Fiambre de lomo de pavo Serrano bandeja 240 g,"2,19 €","(9,13 €/KILO)"
Preparado de carne picada de cerdo y vacuno Selección de Dia bandeja 500 g,"3,79 €","(7,58 €/KILO)"
Burger meat de cerdo y vacuno Selección de Dia bandeja 540 g,"3,99 €","(7,39 €/KILO)"
Burger meat de vacuno Selección de Dia bandeja 540 g,"3,79 €","(7,02 €/KILO)"
Burger meat de pollo Selección de Dia bandeja 540 g,"3,99 €","(7,39 €/KILO)"
Preparado de carne picada de vacuno y cerdo Selección de Dia bandeja 900 g,"6,39 €","(7,10 €/KILO)"
Burger crunchy chicken 2 unidades Selección de Dia bandeja 240 g,"1,99 €","(8,29 €/KILO)"
Preparado de carne picada de cerdo Selección de Dia bandeja 500 g,"2,99 €","(5,98 €/KILO)"
Preparado de carne picada de pavo y pollo Selección de Dia bandeja 365 g,"2,89 €","(7,92 €/KILO)"
Preparado de carne picada de vacuno Selección de Dia bandeja 500 g,"3,99 €","(7,98 €/KILO)"
Filete de dorada Selección de Dia bandeja 240 g aprox.,"5,49 €","(22,87 €/KILO)"
Escalopines de salmón Selección de Dia bandeja 350g aprox.,"9,28 €","(26,50 €/KILO)"
Sepia Selección de Dia bandeja 320 g aprox.,"4,99 €","(15,60 €/KILO)"
Filete de salmón Selección de Dia bandeja 365 g aprox.,"8,49 €","(23,25 €/KILO)"
Buñuelos de bacalao Freskibo bandeja 225 g,"2,99 €","(13,29 €/KILO)"
Salpicón de marisco con vinagreta bandeja 400 g,"4,99 €","(12,48 €/KILO)"
Langostino cocido Selección de Dia bandeja 400 g,"3,99 €","(9,98 €/KILO)"
Taquitos de mar cocidos Mari Marinera de Dia bolsa 125 g,"2,29 €","(18,32 €/KILO)"
Mejillones cocidos en su jugo Aguinamar bolsa 1 Kg,"5,29 €","(5,29 €/KILO)"
Pata de pulpo cocido Mari Marinera de Dia bandeja 250 g,"9,79 €","(39,16 €/KILO)"
Gamba blanca cocida Terranova bandeja 300 g,"6,79 €","(22,63 €/KILO)"
Media ración de pulpo cocido Embumar bandeja 150 g,"4,99 €","(33,27 €/KILO)"
Mejillones en salsa de tomate Aguinamar bandeja 500 g,"4,49 €","(8,98 €/KILO)"
Potón cocido en rodajas Mari Marinera de Dia bolsa 200 g,"4,39 €","(21,95 €/KILO)"
Salmón ahumado Selección Mundial de Dia sobre 100 g,"3,80 €","(38,00 €/KILO)"
Boquerones al vinagre MSC Mari Marinera de Dia bandeja 80 g,"2,39 €","(29,88 €/KILO)"
Filetes de anchoa del Cantábrico en aceite de girasol Mari Marinera de Dia pack 3 x 25 g,"2,79 €","(37,20 €/KILO)"
Salmón ahumado Selección Mundial de Dia sobre 200 g,"7,20 €","(36,00 €/KILO)"
Boquerones al vinagre con ajo y perejil MSC Mari Marinera de Dia bandeja 80 g,"2,49 €","(31,13 €/KILO)"
Anchoa del Cantábrico en aceite de oliva Mari Marinera de Dia pack 3 x 25 g,"2,99 €","(39,87 €/KILO)"
Trucha ahumada Mari Marinera de Dia bandeja 100 g,"3,69 €","(36,90 €/KILO)"
Filetes de anchoa en aceite de oliva reducido sal MSC Mari Marinera de Dia lata 29 g,"1,99 €","(68,62 €/KILO)"
Filetes de sardina anchoada en salazón Kiele bandeja 50 g,"1,89 €","(37,80 €/KILO)"
Palitos de surimi refrigeradas MSC Mari Marinera de Dia bolsa 300 g,"1,89 €","(6,30 €/KILO)"
Sucedáneo de angula refrigerado MSC Mari Marinera de Dia bandeja 200 g,"2,79 €","(13,95 €/KILO)"
Sucedáneo de angula con gambas refrigerado Mari Marinera de Dia bandeja 200 g,"2,89 €","(14,45 €/KILO)"
Palitos de surimi Krissia bolsa 180 g,"2,99 €","(16,61 €/KILO)"
La Gula del Norte refrigerada La Gula del Norte bandeja 180 g,"5,99 €","(33,28 €/KILO)"
Cebolla malla 750 g,"1,29 €","(1,72 €/KILO)"
Ajos malla 250 g,"1,69 €","(6,76 €/KILO)"
Cebolla malla 1.5 Kg,"1,49 €","(0,99 €/KILO)"
Puerros bandeja 500 g,"2,29 €","(4,58 €/KILO)"
Cebolla tierna 1 unidad,"0,59 €","(0,59 €/UNIDAD)"
Puerro 1 unidad,"0,99 €","(4,95 €/KILO)"
Cebolla morada malla 500 g,"1,49 €","(2,98 €/KILO)"
Ajo unidad aprox. 60 g,"0,59 €","(9,83 €/KILO)"
Cebolla dulce granel 1 Kg aprox.,"2,49 €","(2,49 €/KILO)"
Pimiento verde granel 500 g aprox.,"1,25 €","(2,49 €/KILO)"
Tomate canario malla 750 g,"1,79 €","(2,39 €/KILO)"
Tomate ensalada granel 1 Kg aprox.,"2,39 €","(2,39 €/KILO)"
Tomate cherry pera bandeja 250 g,"1,19 €","(4,76 €/KILO)"
Pimientos tricolor bolsa 500 g,"1,39 €","(2,78 €/KILO)"
Pimiento rojo unidad 390 g aprox.,"1,17 €","(2,99 €/KILO)"
Pepino granel 1 Kg aprox.,"2,29 €","(2,29 €/KILO)"
Tomate cherry bandeja 400 g,"1,79 €","(4,48 €/KILO)"
Tomate en rama granel 1 Kg aprox.,"2,79 €","(2,79 €/KILO)"
Calabacín unidad aprox. 475 g,"1,04 €","(2,19 €/KILO)"
Berenjena granel 800 g aprox.,"1,75 €","(2,19 €/KILO)"
Calabaza a dados bolsa 500 g,"1,99 €","(3,98 €/KILO)"
Calabaza unidad aprox. 1.6 Kg,"3,18 €","(1,99 €/KILO)"
Brócoli bolsa 500 g,"1,19 €","(2,38 €/KILO)"
Judía verde bolsa 500 g,"2,29 €","(4,58 €/KILO)"
Coliflor unidad aprox. 2 Kg aprox.,"3,98 €","(1,99 €/KILO)"
Repollo liso unidad aprox. 2 Kg aprox.,"2,78 €","(1,39 €/KILO)"
Repollo rizado unidad aprox. 1 Kg,"1,49 €","(1,49 €/KILO)"
Lechuga iceberg 1 unidad,"0,99 €","(0,99 €/UNIDAD)"
Cogollos bandeja 3 unidades,"1,29 €","(0,43 €/UNIDAD)"
Corazón de lechuga romana bandeja 1 unidad,"0,99 €","(0,99 €/UNIDAD)"
Corazones de cogollos bandeja 6 unidades,"1,99 €","(0,33 €/UNIDAD)"
Zanahoria bolsa 1 Kg,"1,19 €","(1,19 €/KILO)"
Patata malla 4 Kg,"5,99 €","(1,50 €/KILO)"
Patatas granel 1 Kg aprox.,"1,99 €","(1,99 €/KILO)"
Patata especial para freir malla 2 Kg,"3,89 €","(1,95 €/KILO)"
Patata de guarnición malla 1 Kg,"1,99 €","(1,99 €/KILO)"
Patata cocer malla 2 Kg,"3,79 €","(1,90 €/KILO)"
Patata roja malla 1.5 kg,"2,49 €","(1,66 €/KILO)"
Patata de Madrid malla 2 Kg,"3,69 €","(1,85 €/KILO)"
Cachelos bolsa 3 Kg,"4,49 €","(1,50 €/KILO)"
Champiñón entero bandeja 250 g,"1,00 €","(4,00 €/KILO)"
Champiñón laminado bandeja 250 g,"1,69 €","(6,76 €/KILO)"
Seta ostra bandeja 200 g,"1,49 €","(7,45 €/KILO)"
Champiñón grande bandeja 430 g,"2,29 €","(5,33 €/KILO)"
Champiñón portobello bandeja 250 g,"1,69 €","(6,76 €/KILO)"
Surtido vegetal bandeja 1 Kg aprox.,"1,99 €","(1,99 €/KILO)"
Espinacas Vegecampo de Dia bolsa 300 g,"1,32 €","(4,40 €/KILO)"
Ensalada 4 estaciones Vegecampo de Dia bolsa 250 g,"0,81 €","(3,24 €/KILO)"
Dúo canónigos y rúcula Vegecampo de Dia bolsa 100 g,"1,42 €","(14,20 €/KILO)"
Lechuga iceberg lavada Vegecampo de Dia bolsa 250 g,"0,91 €","(3,64 €/KILO)"
Ensalada gourmet Vegecampo de Dia bolsa 175 g,"1,11 €","(6,34 €/KILO)"
Canónigos Vegecampo de Dia bolsa 100 g,"1,21 €","(12,10 €/KILO)"
Maíz dulce cocido al vacío bolsa 400 g,"1,49 €","(3,73 €/KILO)"
Verduras para microondas 3 ingredientes Vegecampo de Dia bolsa 300 g,"1,72 €","(5,73 €/KILO)"
Apio bolsa 500 g,"0,99 €","(1,98 €/KILO)"
Perejil manojo 50 g,"0,99 €","(19,80 €/KILO)"
Espárrago verde fino manojo aprox. 250 g,"2,79 €","(11,16 €/KILO)"
Espárrago verde grueso manojo aprox. 250 g,"2,99 €","(11,96 €/KILO)"
Cilantro bandeja 20 g,"1,19 €","(59,50 €/KILO)"
Yuca unidad aprox. 1 Kg,"2,69 €","(2,69 €/KILO)"
Jenjibre bio bandeja 100 g,"1,00 €","(10,00 €/KILO)"
Rabanito Sun&Vegs bolsa 250 g,"0,99 €","(3,96 €/KILO)"
Hierbabuena Sun&Vegs bolsa 70 g,"1,19 €","(17,00 €/KILO)"
Lombarda bolsa 2 Kg aprox.,"2,98 €","(1,49 €/KILO)"
Caqui granel 400 g aprox.,"1,04 €","(2,59 €/KILO)"
Granada unidad aprox. 500 g,"1,50 €","(2,99 €/KILO)"
Caqui bandeja 1 Kg,"2,55 €","(2,55 €/KILO)"
Ciruela roja granel 500 g aprox.,"1,90 €","(3,79 €/KILO)"
Chirimoya unidad aprox. 300g aprox.,"1,05 €","(3,49 €/KILO)"
Melón piel de sapo unidad aprox. 2.5 Kg,"4,98 €","(1,99 €/KILO)"
Fresa bandeja 400 g,"3,99 €","(9,98 €/KILO)"
Medio melón piel de sapo unidad aprox. 1.25 Kg,"2,86 €","(2,29 €/KILO)"
Melón bollo unidad aprox. 3 Kg,"7,77 €","(2,59 €/KILO)"
Manzana golden bolsa 1 Kg,"1,99 €","(1,99 €/KILO)"
Manzana roja bolsa 1 Kg,"1,49 €","(1,49 €/KILO)"
Manzana golden granel 500 g aprox.,"1,10 €","(2,19 €/KILO)"
Manzana roja granel 800 g aprox.,"1,75 €","(2,19 €/KILO)"
Manzana granny granel 800 g aprox.,"1,83 €","(2,29 €/KILO)"
Manzana fuji bolsa 1 Kg,"2,29 €","(2,29 €/KILO)"
Manzana reineta granel 1 Kg aprox.,"2,79 €","(2,79 €/KILO)"
Banana granel 900 g aprox.,"1,00 €","(1,11 €/KILO)"
Plátano de canarias bolsa 1.2 Kg aprox.,"2,39 €","(1,99 €/KILO)"
Plátano de Canarias El afortunado 900 g aprox.,"2,69 €","(2,99 €/KILO)"
Plátano bio bolsa 1 Kg aprox.,"2,99 €","(2,99 €/KILO)"
Plátano macho para freír granel 1 Kg aprox.,"2,99 €","(2,99 €/KILO)"
Banana bio bolsa 1 Kg aprox.,"2,69 €","(2,69 €/KILO)"
Pera conferencia bandeja 1 Kg,"2,19 €","(2,19 €/KILO)"
Pera Rincón de Soto D.O.P. granel 500 g aprox.,"1,40 €","(2,79 €/KILO)"
Pera ercolini bandeja 500 g,"1,49 €","(2,98 €/KILO)"
Pera blanquilla bandeja 500 g,"1,39 €","(2,78 €/KILO)"
Pera limonera granel 1 Kg aprox.,"2,69 €","(2,69 €/KILO)"
Mandarina granel 500 g aprox.,"0,90 €","(1,79 €/KILO)"
Mandarina malla 1 Kg,"1,99 €","(1,99 €/KILO)"
Mandarina selección bandeja 750 g,"2,29 €","(3,05 €/KILO)"
Mandarina Torres Selección malla 750 g,"2,49 €","(3,32 €/KILO)"
Naranjas de mesa malla 2 Kg,"2,99 €","(1,50 €/KILO)"
Naranja selección granel 1 Kg aprox.,"2,59 €","(2,59 €/KILO)"
Naranja especial para zumo malla 4 Kg,"4,99 €","(1,25 €/KILO)"
Zumo de naranja recién exprimido botella 1 l,"5,99 €","(5,99 €/LITRO)"
Zumo de naranja recién exprimido botella 250 ml,"2,49 €","(9,96 €/LITRO)"
Zumo de naranja recién exprimido botella 500 ml,"3,79 €","(7,58 €/LITRO)"
Limones malla 750 g,"1,99 €","(2,65 €/KILO)"
Limón selección 1 unidad,"0,59 €","(2,36 €/KILO)"
Lima malla 235 g,"1,00 €","(4,26 €/KILO)"
Limón bio malla 500 g,"1,49 €","(2,98 €/KILO)"
Aguacate bandeja 450 g,"2,49 €","(5,53 €/KILO)"
Kiwi Zespri bandeja 700 g,"2,49 €","(3,56 €/KILO)"
Mango bandeja 650 g,"2,79 €","(4,29 €/KILO)"
Guacamole Al Punto Dia tarrina 200 g,"1,85 €","(9,25 €/KILO)"
Kiwi gold Zespri bandeja 500 g,"3,49 €","(6,98 €/KILO)"
Kiwi sungold Zespri granel 600 g,"3,59 €","(5,99 €/KILO)"
Kiwi granel 500 g aprox.,"2,50 €","(4,99 €/KILO)"
Coco troceado bio bolsa 56 g,"0,97 €","(17,32 €/KILO)"
Aguacate granel 1 Kg aprox.,"5,69 €","(5,69 €/KILO)"
Arándanos rojos deshidratados Naturmundo de Dia bolsa 150 g,"1,73 €","(11,53 €/KILO)"
Mango deshidratado Naturmundo de Dia bolsa 90 g,"1,99 €","(22,11 €/KILO)"
Pasas sultanas sin pepitas Naturmundo de Dia bolsa 200 g,"1,38 €","(6,90 €/KILO)"
Ciruelas sin hueso Naturmundo de Dia bolsa 200 g,"1,67 €","(8,35 €/KILO)"
Higos desecados Naturmundo de Dia bolsa 400 g,"2,50 €","(6,25 €/KILO)"
Pasas moscatel sin semillas Naturmundo de Dia bolsa 150 g,"1,11 €","(7,40 €/KILO)"
Dátiles sin hueso Naturmundo de Dia bolsa 250 g,"2,19 €","(8,76 €/KILO)"
Dátiles Frit ravich bandeja 500 g,"3,20 €","(6,40 €/KILO)"
Naranja con chocolate negro Naturmundo de Dia bolsa 150 g,"2,99 €","(19,93 €/KILO)"
Leche semidesnatada Dia Láctea brik 6 x 1 l,"4,98 €","(0,83 €/LITRO)"
Leche entera Dia Láctea brik 6 x 1 l,"5,52 €","(0,92 €/LITRO)"
Leche desnatada Dia Láctea brik 6 x 1 l,"4,74 €","(0,79 €/LITRO)"
Leche semidesnatada sin lactosa Dia Láctea brik 6 x 1 l,"5,46 €","(0,91 €/LITRO)"
Leche semidesnatada Dia Láctea brik 1 l,"0,83 €","(0,83 €/LITRO)"
Leche desnatada sin lactosa Dia Láctea brik 6 x 1 l,"5,28 €","(0,88 €/LITRO)"
Leche entera Dia Láctea brik 1 l,"0,92 €","(0,92 €/LITRO)"
Leche semidesnatada Central Lechera Asturiana brik 6 x 1 l,"6,66 €","(1,11 €/LITRO)"
Leche semidesnatada sin lactosa Dia Láctea brik 1 l,"0,91 €","(0,91 €/LITRO)"
Bebida de avena con calcio Vegedia brik 1 l,"0,99 €","(0,99 €/LITRO)"
Bebida de avena Vegedia brik 1 l,"0,95 €","(0,95 €/LITRO)"
Bebida de almendras 0% azúcares Vegedia brik 1 l,"1,30 €","(1,30 €/LITRO)"
Bebida de soja 0% azúcares Vegedia brik 1 l,"0,75 €","(0,75 €/LITRO)"
Bebida de avena 0% azúcares Vegedia brik 1 l,"0,80 €","(0,80 €/LITRO)"
Bebida de soja con calcio Vegedia brik 1 l,"0,89 €","(0,89 €/LITRO)"
Bebida de almendras sin azúcar Alpro brik 1 l,"1,99 €","(1,99 €/LITRO)"
Bebida de arroz Vegedia brik 1 l,"0,99 €","(0,99 €/LITRO)"
Bebida de soja Dia Vital brik 1 l,"0,99 €","(0,99 €/LITRO)"
Batido de chocolate Dia Láctea brik 6 x 200 ml,"1,40 €","(1,17 €/LITRO)"
Batido de cacao 90% Dia lactea brik 6 x 200 ml,"1,65 €","(1,38 €/LITRO)"
Batido de fresa Dia lactea brik 6 x 200 ml,"1,55 €","(1,29 €/LITRO)"
Batido al cacao Dia botella 1 l,"1,19 €","(1,19 €/LITRO)"
Batido de chocolate Puleva brik 6 x 200 ml,"2,75 €","(2,29 €/LITRO)"
Batido de vainilla Dia lactea brik 6 x 200 ml,"1,55 €","(1,29 €/LITRO)"
Batido de cacao energy Colacao botella 4 x 188 ml,"2,65 €","(3,52 €/LITRO)"
Batido de chocolate Cacaolat botella 1 l,"2,40 €","(2,40 €/LITRO)"
Batido de chocolate sin lactosa Puleva brik 6 x 200 ml,"2,99 €","(2,49 €/LITRO)"
Batido de chocolate Puleva botella 1 l,"2,05 €","(2,05 €/LITRO)"
Huevos frescos categoría A clase L Dia bandeja 12 unidades,"2,31 €","(2,31 €/DOCENA)"
Huevos frescos categoría A clase M Dia bandeja 24 unidades,"3,88 €","(1,94 €/DOCENA)"
Huevos frescos categoría A clase M Dia bandeja 12 unidades,"2,06 €","(2,06 €/DOCENA)"
Huevos frescos categoría A clase XL Dia bandeja 6 unidades,"1,72 €","(3,44 €/DOCENA)"
Huevos camperos categoría A clase M/L Dia bandeja 10 unidades,"2,54 €","(3,05 €/DOCENA)"
Huevos frescos de gallinas criadas en suelo categoría A clase M/L Dia bandeja 12 unidades,"2,50 €","(2,50 €/DOCENA)"
Huevos ecológicos categoría A clase M/L Dia bandeja 6 unidades,"2,54 €","(5,08 €/DOCENA)"
Huevos frescos maíz categoría A clase M/L Grupo de lucas caja 12 unidades,"2,91 €","(2,91 €/DOCENA)"
Claras de huevo pasteurizadas Ovonatur botella 500 ml,"1,95 €","(3,90 €/LITRO)"
Mantequilla sin sal Dia Láctea 250 g,"2,39 €","(9,56 €/KILO)"
Mantequilla con sal Dia Láctea 250 g,"2,39 €","(9,56 €/KILO)"
Mantequilla tradicional Central Lechera Asturiana tarrina 250 g,"3,55 €","(14,20 €/KILO)"
Mantequilla ligera fácil de untar Central Lechera Asturiana tarrina 250 g,"3,65 €","(14,60 €/KILO)"
Margarina Tulipán tarrina 400 g,"2,69 €","(6,73 €/KILO)"
Margarina vitaminada con sal Diasol tarrina 500 g,"1,45 €","(2,90 €/KILO)"
Margarina ligera Diasol tarrina 500 g,"1,40 €","(2,80 €/KILO)"
Margarina vitaminada Diasol tarrina 500 g,"1,45 €","(2,90 €/KILO)"
Margarina con sal Tulipán tarrina 400 g,"2,69 €","(6,73 €/KILO)"
Nata para cocinar culinaria Dia lactea brik 3 x 200 ml,"1,75 €","(2,92 €/LITRO)"
Nata para cocinar 15% m.g Dia Láctea brik 500 ml,"1,45 €","(2,90 €/LITRO)"
Nata para montar Dia lactea brik 3 x 200 ml,"2,19 €","(3,65 €/LITRO)"
Nata montada azucarada Central Lechera Asturiana spray 250 g,"2,75 €","(11,00 €/KILO)"
Nata para cocinar Central Lechera Asturiana brik 500 ml,"2,75 €","(5,50 €/LITRO)"
Leche evaporada Ideal brik 525 g,"2,44 €","(4,65 €/KILO)"
Nata para montar Central Lechera Asturiana brik 500 ml,"2,75 €","(5,50 €/LITRO)"
Leche evaporada sin lactosa Ideal brik 525 g,"3,05 €","(5,81 €/KILO)"
Nata para cocinar Puleva brik 200 ml,"1,66 €","(8,30 €/LITRO)"
Yogur griego stracciatella Fidias de Dia pack 6 x 125 g,"1,90 €","(2,53 €/KILO)"
Yogur griego natural Fidias de Dia pack 6 x 125 g,"1,55 €","(2,07 €/KILO)"
Yogur griego natural azucarado Fidias de Dia pack 6 x 125 g,"1,55 €","(2,07 €/KILO)"
Yogur griego con fresa Fidias de Dia pack 6 x 125 g,"1,80 €","(2,40 €/KILO)"
Yogur griego Fidias de Dia vaso 1 Kg,"2,40 €","(2,40 €/KILO)"
Yogur griego con lima y limón Fidias de Dia pack 4 x 125 g,"1,69 €","(3,38 €/KILO)"
Yogur griego con nueces Fidias de Dia pack 4 x 125 g,"1,69 €","(3,38 €/KILO)"
Yogur griego con mora y frambuesa Fidias de Dia pack 4 x 125 g,"1,75 €","(3,50 €/KILO)"
Yogur griego natural con azúcar de caña Fidias de Dia tarrina 1 kg,"2,40 €","(2,40 €/KILO)"
Yogur natural Dia Láctea pack 8 x 125 g,"1,49 €","(1,49 €/KILO)"
Yogur natural azucarado Dia Láctea pack 8 x 125 g,"1,49 €","(1,49 €/KILO)"
Yogur natural con azúcar de caña Dia Láctea pack 8 x 125 g,"1,49 €","(1,49 €/KILO)"
Yogur natural Danone pack 8 x 120 g,"1,99 €","(2,07 €/KILO)"
Yogur natural azucarado Danone pack 8 x 120 g,"1,99 €","(2,07 €/KILO)"
Yogur natural Danone pack 4 x 120 g,"1,00 €","(2,08 €/KILO)"
Yogur natural líquido con azúcar de caña Dia Láctea botella 1 Kg,"1,45 €","(1,45 €/KILO)"
Postre sin lactosa natural azucarado Dia Láctea pack 4 x 125 g,"1,55 €","(3,10 €/KILO)"
Yogur natural Danone pack 2 x 130 g,"2,05 €","(7,88 €/KILO)"
Yogur sabores Dia Láctea pack 16 x 125 g,"2,60 €","(1,30 €/KILO)"
Yogur de fresa líquido Dia Láctea pack 12 x 100 g,"2,39 €","(1,99 €/KILO)"
Yogur con frutas Dia Láctea pack 8 x 125 g,"1,68 €","(1,68 €/KILO)"
Yogur líquido sabor fresa y plátano Dia Láctea botella 1 Kg,"1,45 €","(1,45 €/KILO)"
Yogur sabor coco Dia Láctea pack 4 x 125 g,"0,79 €","(1,58 €/KILO)"
Yogur sabor galleta Dia Láctea pack 4 x 125 g,"0,79 €","(1,58 €/KILO)"
Yogur sabor limón Dia Láctea pack 4 x 125 g,"0,79 €","(1,58 €/KILO)"
"Yogur sabor coco, fresa, frutos del bosque y macedonia Danone pack 8 x 120 g","1,99 €","(2,07 €/KILO)"
Yogur líquido sabor piña y coco Dia Láctea botella 1 Kg,"1,45 €","(1,45 €/KILO)"
Petit de fresa y plátano Dia Láctea pack 6 x 50 g,"0,97 €","(3,23 €/KILO)"
Petit de fresa líquido Dia Láctea pack 4 x 80 g,"1,89 €","(5,91 €/KILO)"
Yogur de fresa líquido Danonino pack 4 x 70 g,"2,59 €","(9,25 €/KILO)"
Petit de fresa Dia Láctea pack 6 x 50 g,"0,97 €","(3,23 €/KILO)"
Petit de chocolate Nesquik pack 6 x 60 g,"1,79 €","(4,97 €/KILO)"
Yogur azucarado y galleta con chocolate blanco Reina pack 2 x 143 g,"1,89 €","(6,61 €/KILO)"
Petit de fresa Danonino pack 6 x 50 g,"1,47 €","(4,90 €/KILO)"
Yogur azucarado y trocitos de galleta con chocolate Nestlé pack 2 x 115 g,"1,99 €","(8,65 €/KILO)"
Yogur con fresas y grageas de chocolate con leche Nestlé pack 2 x 128 g,"1,99 €","(8,65 €/KILO)"
Yogur desnatado con frutas Dia Láctea pack 8 x 125 g,"2,05 €","(2,05 €/KILO)"
"Yogur desnatado sabor limón, fresa y piña Dia Láctea pack 6 x 125 g","1,39 €","(1,85 €/KILO)"
Yogur natural desnatado edulcorado Dia Láctea pack 6 x 125 g,"1,05 €","(1,40 €/KILO)"
Yogur natural desnatado Dia Láctea pack 6 x 125 g,"1,05 €","(1,40 €/KILO)"
Yogur desnatado sabor fresa zero Danone pack 4 x 120 g,"1,29 €","(2,69 €/KILO)"
Yogur natural desnatado zero Danone pack 4 x 120 g,"1,29 €","(2,69 €/KILO)"
Yogur líquido de fresa y plátano/coco y piña L-Casei Dia pack 12 x 100 g,"2,35 €","(1,96 €/KILO)"
Cremoso con mango Bífidus Dia pack 4 x 125 g,"1,29 €","(2,58 €/KILO)"
Cremoso desnatado con nueces y cereales Bífidus Dia pack 4 x 125 g,"1,29 €","(2,58 €/KILO)"
Yogur líquido de fresa L-Casei Dia pack 12 x 100 g,"2,35 €","(1,96 €/KILO)"
Cremoso desnatado con piña y coco Bífidus Dia pack 4 x 125 g,"1,29 €","(2,58 €/KILO)"
Cremoso desnatado con ciruela y kiwi Bífidus Dia pack 4 x 125 g,"1,29 €","(2,58 €/KILO)"
Cremoso desnatado con fresa Bífidus Dia pack 4 x 125 g,"1,29 €","(2,58 €/KILO)"
Yogur líquido natural L-Casei Dia pack 6 x 100 g,"1,29 €","(2,15 €/KILO)"
Cremoso sabor vainilla Bífidus Dia pack 4 x 125 g,"1,29 €","(2,58 €/KILO)"
Postre vegetal de soja sabor chocolate Vegedia pack 4 x 100 g,"1,49 €","(3,73 €/KILO)"
Postre vegetal de soja sabor vainilla Vegedia pack 4 x 100 g,"1,49 €","(3,73 €/KILO)"
Postre de soja sabor vainilla Alpro vaso 400 g,"2,29 €","(5,73 €/KILO)"
Postre vegetal de coco natural Alpro tarrina 350 g,"2,59 €","(7,40 €/KILO)"
Postre de soja sabor arándanos y frutos rojos Alpro pack 4 x 125 g,"2,59 €","(5,18 €/KILO)"
"Postre de soja sabor melocotón, piña y fruta de la pasión Alpro pack 4 x 125 g","2,59 €","(5,18 €/KILO)"
Postre de soja con arándanos Alpro vaso 400 g,"2,29 €","(5,73 €/KILO)"
Kéfir Dia Láctea vaso 500 g,"1,19 €","(2,39 €/KILO)"
Kéfir Pastoret tarrina 500 g,"2,45 €","(4,90 €/KILO)"
Postre natural de soja con coco Alpro vaso 400 g,"2,29 €","(5,73 €/KILO)"
Postre de soja sabor mango Alpro vaso 400 g,"2,59 €","(6,48 €/KILO)"
Kéfir Activia vaso 345 g,"1,99 €","(5,77 €/KILO)"
Yogur de soja sabor frutos rojos Alpro vaso 400 g,"2,59 €","(6,48 €/KILO)"
Yogur natural desnatado rico en proteínas Reina vaso 180 g,"0,89 €","(4,94 €/KILO)"
Kéfir desnatado Pastoret vaso 500 g,"2,45 €","(4,90 €/KILO)"
Kéfir de cabra Suerte Ampanera vaso 420 g,"3,15 €","(7,50 €/KILO)"
Preparado de queso quark con fresa alto en proteínas Dia Láctea tarrina 200 g,"1,25 €","(6,25 €/KILO)"
Mousse de cacao alta en proteínas Dia Láctea vaso 200 g,"1,29 €","(6,45 €/KILO)"
Gelatina sabor frutas alto en proteínas Dia Láctea pack 4 x 100 g,"1,55 €","(3,88 €/KILO)"
Natillas sabor chocolate rico en proteínas Reina pack 4 x 125 g,"2,79 €","(5,58 €/KILO)"
Preparado de queso quark con frambuesa alto en proteínas Dia Láctea tarrina 200 g,"1,25 €","(6,25 €/KILO)"
Preparado de queso quark con melocotón y maracuyá alto en proteínas Dia Láctea tarrina 200 g,"1,25 €","(6,25 €/KILO)"
Natilla sabor vainilla alta en proteínas Dia Láctea tarrina 150 g,"0,99 €","(6,60 €/KILO)"
Natillas con caramelo alta en proteínas Dia Láctea tarrina 150 g,"0,99 €","(6,60 €/KILO)"
Postre lácteo natural alto en proteína Dia Láctea vaso 300 g,"1,09 €","(3,63 €/KILO)"
Flan de vainilla Caprichoso Dia pack 6 x 100 g,"0,99 €","(1,65 €/KILO)"
Natillas de vainilla con galleta Caprichoso Dia pack 4 x 125 g,"1,25 €","(2,50 €/KILO)"
Natillas sabor vainilla Caprichoso Dia pack 4 x 125 g,"1,05 €","(2,10 €/KILO)"
Flan de huevo con caramelo Caprichoso Dia pack 4 x 100 g,"1,35 €","(3,38 €/KILO)"
Natillas de chocolate Caprichoso Dia pack 4 x 125 g,"1,05 €","(2,10 €/KILO)"
Flan de queso Caprichoso Dia pack 2 x 100 g,"0,99 €","(4,95 €/KILO)"
Copa de chocolate y nata Caprichoso Dia pack 4 x 115 g,"1,30 €","(2,83 €/KILO)"
Copa de vainilla con caramelo y nata Caprichoso Dia pack 4 x 115 g,"1,39 €","(3,02 €/KILO)"
Flan de café Caprichoso Dia pack 2 x 100 g,"0,89 €","(4,45 €/KILO)"
"Gelatina de fresa, limón y multifruta Caprichoso Dia pack 6 x 100 g","0,99 €","(1,65 €/KILO)"
Gelatina de fresa Caprichoso Dia pack 6 x 100 g,"0,99 €","(1,65 €/KILO)"
Mousse de chocolate con leche Caprichoso Dia pack 4 x 60 g,"1,05 €","(4,38 €/KILO)"
Tiramisú Caprichoso Dia pack 2 x 90 g,"1,29 €","(7,17 €/KILO)"
Cheesecake Caprichoso Dia pack 2 x 90 g,"1,56 €","(8,67 €/KILO)"
Carrot cake Caprichoso Dia pack 2 x 90 g,"1,49 €","(8,28 €/KILO)"
Tarta de queso Caprichoso Dia tarrina 100 g,"1,15 €","(11,50 €/KILO)"
Gelatina sabor fresa sin azúcar Royal pack 4 x 90 g,"1,79 €","(4,97 €/KILO)"
Gelatina sabor frutas alto en proteínas Dia Láctea pack 4 x 100 g,"1,55 €","(3,88 €/KILO)"
Arroz extra Arrozona de Dia bolsa 1 Kg,"1,30 €","(1,30 €/KILO)"
Arroz largo de primera categoría Arrozona de Dia bolsa 1 Kg,"1,38 €","(1,38 €/KILO)"
Arroz basmati Selección Mundial de Dia paquete 1 Kg,"2,30 €","(2,30 €/KILO)"
Arroz bomba Arrozona de Dia paquete 1 Kg,"5,60 €","(5,60 €/KILO)"
Arroz redondo SOS paquete 1 Kg,"1,84 €","(1,84 €/KILO)"
Arroz redondo Al Punto Dia vaso 2 x 125 g,"1,19 €","(4,76 €/KILO)"
Arroz vaporizado Arrozona de Dia bolsa 1 Kg,"1,57 €","(1,57 €/KILO)"
Arroz integral Arrozona de Dia paquete 1 Kg,"1,73 €","(1,73 €/KILO)"
Arroz redondo Brillante paquete 1 Kg,"2,73 €","(2,73 €/KILO)"
Macarrón Al Diante Dia bolsa 1 Kg,"1,22 €","(1,22 €/KILO)"
Espagueti Al Diante Dia bolsa 1 Kg,"1,22 €","(1,22 €/KILO)"
Espirales tricolor Al Diante Dia bolsa 500 g,"0,97 €","(1,94 €/KILO)"
Pasta de tiburones Al Diante Dia bolsa 500 g,"0,78 €","(1,56 €/KILO)"
Tallarines Al Diante Dia bolsa 500 g,"0,78 €","(1,56 €/KILO)"
Fideo cabellín Al Diante Dia bolsa 500 g,"0,78 €","(1,56 €/KILO)"
Pluma rayada n 5 Al Diante Dia bolsa 500 g,"0,78 €","(1,56 €/KILO)"
Macarrón integral Al Diante Dia bolsa 500 g,"1,18 €","(2,36 €/KILO)"
Fideuá Al Diante Dia bolsa 500 g,"0,78 €","(1,56 €/KILO)"
Garbanzos extra Vegecampo de Dia bolsa 1 Kg,"2,19 €","(2,19 €/KILO)"
Garbanzo pedrosillano Vegecampo de Dia bolsa 1 Kg,"1,90 €","(1,90 €/KILO)"
Garbanzos cocidos extra Vegecampo de Dia frasco 400 g,"0,53 €","(1,33 €/KILO)"
Garbanzos cocidos extra Vegecampo de Dia frasco 210 g,"0,65 €","(3,10 €/KILO)"
Garbanzo cocido pedrosillano Vegecampo de Dia frasco 400 g,"1,05 €","(2,63 €/KILO)"
Garbanzos cocidos bajo contenido en sal Vegecampo de Dia frasco 400 g,"1,05 €","(2,63 €/KILO)"
Garbanzos cocidos Luengo frasco 400 g,"1,30 €","(3,25 €/KILO)"
Garbanzos con verduras cocidas Luengo frasco 400 g,"1,45 €","(3,63 €/KILO)"
Garbanzos Luengo bolsa 1 Kg,"3,87 €","(3,87 €/KILO)"
Alubias blancas Vegecampo de Dia bolsa 1 Kg,"2,04 €","(2,04 €/KILO)"
Alubias pintas Vegecampo de Dia bolsa 1 Kg,"2,45 €","(2,45 €/KILO)"
Alubia negra Vegecampo de Dia bolsa 500 g,"1,23 €","(2,46 €/KILO)"
Alubias blancas extra Vegecampo de Dia frasco 400 g,"0,67 €","(1,68 €/KILO)"
Alubias rojas cocidas Vegecampo de Dia frasco 400 g,"1,10 €","(2,75 €/KILO)"
Alubias pintas cocidas Vegecampo de Dia frasco 400 g,"1,15 €","(2,88 €/KILO)"
Alubias blancas extra Vegecampo de Dia frasco 210 g,"0,62 €","(2,95 €/KILO)"
Judión cocido extra Vegecampo de Dia frasco 400 g,"1,65 €","(4,13 €/KILO)"
Alubias blancas con verduras Vegecampo de Dia frasco 400 g,"1,19 €","(2,98 €/KILO)"
Lentejas cocidas Vegecampo de Dia frasco 400 g,"0,80 €","(2,00 €/KILO)"
Lenteja castellana Vegecampo de Dia bolsa 1 Kg,"1,99 €","(1,99 €/KILO)"
Lenteja roja Vegecampo de Dia bolsa 1 Kg,"1,93 €","(1,93 €/KILO)"
Lenteja pardina Luengo bolsa 500 g,"1,99 €","(3,98 €/KILO)"
Lenteja pardina Luengo bolsa 1 Kg,"2,55 €","(2,55 €/KILO)"
Lentejas cocidas Vegecampo de Dia frasco 210 g,"0,70 €","(3,33 €/KILO)"
Lenteja pardina Legumbres La Asturiana bolsa 500 g,"2,50 €","(5,00 €/KILO)"
Lenteja roja pelada Luengo bolsa 400 g,"2,44 €","(6,10 €/KILO)"
Lenteja pardina cocida Luengo frasco 400 g,"1,45 €","(3,63 €/KILO)"
Lenteja pardina Legumbres La Asturiana bolsa 1 Kg,"4,90 €","(4,90 €/KILO)"
Aceite refinado de girasol Diasol botella 1 l,"1,53 €","(1,53 €/LITRO)"
Aceite de oliva virgen extra La Almazara del Olivar de Dia botella 1 l,"8,85 €","(8,85 €/LITRO)"
Aceite refinado de girasol Diasol garrafa 5 l,"7,16 €","(1,43 €/LITRO)"
Aceite de oliva virgen La Almazara del Olivar de Dia botella 1 l,"7,75 €","(7,75 €/LITRO)"
Aceite de oliva virgen extra La Almazara del Olivar de Dia garrafa 3 l,"26,25 €","(8,75 €/LITRO)"
Aceite de orujo de oliva La Almazara del Olivar de Dia botella 1 l,"4,99 €","(4,99 €/LITRO)"
Aceite de oliva suave La Almazara del Olivar de Dia botella 1 l,"6,75 €","(6,75 €/LITRO)"
Aceite de oliva intenso La Almazara del Olivar de Dia botella 1 l,"6,75 €","(6,75 €/LITRO)"
Aceite de oliva virgen extra Carbonell botella 1 l,"9,52 €","(9,52 €/LITRO)"
Vinagre de vino blanco Aliña tu Dia botella 1 l,"0,65 €","(0,65 €/LITRO)"
Vinagre balsámico de módena Selección Mundial de Dia botella 500 ml,"2,39 €","(4,78 €/LITRO)"
Crema de vinagre de módena Aliña tu Dia botella 250 ml,"1,99 €","(7,96 €/LITRO)"
Vinagre de manzana Aliña tu Dia botella 1 l,"0,80 €","(0,80 €/LITRO)"
Vinagre de jerez reserva dop Delicias de Dia botella 250 ml,"1,99 €","(7,96 €/LITRO)"
Aderezo de limón Aliña tu Dia botella 50 cl,"0,99 €","(1,98 €/LITRO)"
Zumo de limón concentrado Polenghi bote 200 ml,"1,03 €","(5,15 €/LITRO)"
Crema de vinagre con Pedro Ximénez Aliña tu Dia botella 220 ml,"2,35 €","(10,68 €/LITRO)"
Crema de vinagre de Módena con frambuesa Aliña tu Dia botella 220 ml,"2,35 €","(10,68 €/LITRO)"
Tomate frito Vegecampo de Dia brik 3 x 390 g,"1,59 €","(1,36 €/KILO)"
Tomate frito Vegecampo de Dia brik 3 x 215 g,"0,99 €","(1,53 €/KILO)"
Tomate triturado Vegecampo de Dia lata 390 g,"0,65 €","(1,67 €/KILO)"
Tomate frito Vegecampo de Dia frasco 550 g,"0,95 €","(1,73 €/KILO)"
Tomate triturado Vegecampo de Dia lata 780 g,"0,96 €","(1,23 €/KILO)"
Tomate frito casero Vegecampo de Dia frasco 350 g,"1,49 €","(4,26 €/KILO)"
Tomate frito Orlando brik 350 g,"1,00 €","(2,86 €/KILO)"
Tomate entero pelado Vegecampo de Dia lata 480 g,"1,35 €","(2,81 €/KILO)"
Pisto con aceite de oliva Vegecampo de Dia frasco 350 g,"1,39 €","(3,97 €/KILO)"
Ketchup Salseo de Dia bote 560 g,"1,07 €","(1,91 €/KILO)"
Mayonesa Salseo de Dia bote 500 ml,"1,59 €","(3,18 €/LITRO)"
Mayonesa Salseo de Dia frasco 450 ml,"1,29 €","(2,87 €/LITRO)"
Salsa barbacoa Salseo de Dia bote 360 g,"1,15 €","(3,19 €/KILO)"
Salsa ali oli Chovi tarrina 180 g,"1,35 €","(7,50 €/KILO)"
Salsa de soja Salseo de Dia frasco 250 ml,"1,30 €","(5,20 €/LITRO)"
Ketchup light Salseo de Dia bote 540 g,"1,49 €","(2,76 €/KILO)"
Mostaza original Salseo de Dia bote 250 g,"1,09 €","(4,36 €/KILO)"
Mayonesa Salseo de Dia bote 300 ml,"1,25 €","(4,17 €/LITRO)"
Sal marina de mesa fina Dia paquete 1 Kg,"0,35 €","(0,35 €/KILO)"
Ajo en polvo Vegecampo de Dia frasco 85 g,"0,91 €","(10,71 €/KILO)"
Orégano Vegecampo de Dia frasco 15 g,"0,65 €","(43,33 €/KILO)"
Cebolla en polvo Vegecampo de Dia frasco 60 g,"0,92 €","(15,33 €/KILO)"
Perejil Vegecampo de Dia frasco 18 g,"0,79 €","(43,89 €/KILO)"
Hojas de laurel Dani bolsa 10 g,"0,89 €","(89,00 €/KILO)"
Pimienta negra Vegecampo de Dia frasco 65 g,"1,07 €","(16,46 €/KILO)"
Sal marina gruesa Dia paquete 1 Kg,"0,35 €","(0,35 €/KILO)"
Sal marina yodada Dia paquete 1 Kg,"0,35 €","(0,35 €/KILO)"
Atún en aceite de girasol Mari Marinera de Dia lata 6 x 52 g,"3,75 €","(12,02 €/KILO)"
Atún claro al natural Mari Marinera de Dia lata 6 x 60 g,"4,20 €","(11,67 €/KILO)"
Atún claro en aceite de oliva Mari Marinera de Dia lata 6 x 60 g,"5,15 €","(14,31 €/KILO)"
Atún en aceite de girasol Mari Marinera de Dia lata 650 g,"6,45 €","(9,92 €/KILO)"
Trozos de atún en aceite de girasol Ribeira lata 3 x 52 g,"1,79 €","(11,47 €/KILO)"
Filetes de caballa del sur en aceite de oliva Mari Marinera de Dia lata 85 g,"1,69 €","(19,88 €/KILO)"
Atún claro en aceite de girasol Mari Marinera de Dia lata 6 x 56 g,"4,35 €","(12,95 €/KILO)"
Atún en aceite de oliva Mari Marinera de Dia lata 3 x 52 g,"2,45 €","(15,71 €/KILO)"
Bonito del norte en aceite de oliva Mari Marinera de Dia lata 73 g,"1,99 €","(27,26 €/KILO)"
Berberechos al natural Dani lata 63 g,"3,29 €","(52,22 €/KILO)"
Berberechos al natural 60/90 piezas Mari Marinera de Dia lata 63 g,"2,89 €","(45,87 €/KILO)"
Berberechos al natural 55/65 piezas Dani lata 63 g,"4,59 €","(72,86 €/KILO)"
Berberechos al natural Dani lata 90 g,"3,89 €","(43,22 €/KILO)"
Berberechos al natural Baymar lata 90 g,"3,89 €","(43,22 €/KILO)"
Mejillones en escabeche Mari Marinera de Dia lata 3 x 43 g,"2,35 €","(18,22 €/KILO)"
Mejillones de Chile en escabeche picante 14/18 piezas Mari Marinera de Dia lata 69 g,"1,45 €","(21,01 €/KILO)"
Mejillones en escabeche Isabel lata 3 x 43 g,"3,79 €","(29,38 €/KILO)"
Mejillones en escabeche 13/18 piezas Mari Marinera de Dia lata 69 g,"1,85 €","(26,81 €/KILO)"
Mejillones en escabeche 13/18 piezas Calvo lata 69 g,"2,49 €","(36,09 €/KILO)"
Mejillones en escabeche Dani lata 97 g,"1,59 €","(16,39 €/KILO)"
Mejillones de Chile en salsa vieira 13/18 piezas Mari Marinera de Dia lata 69 g,"1,45 €","(21,01 €/KILO)"
Mejillones en escabeche 13/18 piezas Isabel lata 69 g,"2,25 €","(32,61 €/KILO)"
Mejillones de Chile en escabeche 8/14 piezas Dani lata 69 g,"2,15 €","(31,16 €/KILO)"
Mejillones al natural 14/18 piezas Mari Marinera de Dia lata 69 g,"1,85 €","(26,81 €/KILO)"
Sardinillas en aceite de oliva Mari Marinera de Dia lata 2 x 62 g,"1,96 €","(15,81 €/KILO)"
Sardinillas en tomate Mari Marinera de Dia lata 62 g,"0,89 €","(14,35 €/KILO)"
Sardinillas en aceite de girasol Mari Marinera de Dia lata 2 x 65 g,"1,69 €","(13,00 €/KILO)"
Sardinas en aceite de oliva Mari Marinera de Dia lata 85 g,"1,05 €","(12,35 €/KILO)"
Sardinillas en aceite picante Mari Marinera de Dia lata 62 g,"0,89 €","(14,35 €/KILO)"
Sardinas en tomate Mari Marinera de Dia lata 85 g,"0,85 €","(10,00 €/KILO)"
Sardinillas en escabeche Mari Marinera de Dia lata 65 g,"0,89 €","(13,69 €/KILO)"
Sardinillas en aceite de oliva bajo en sal Mari Marinera de Dia lata 2 x 65 g,"2,05 €","(15,77 €/KILO)"
Sardinas en aceite de girasol Mari Marinera de Dia lata 85 g,"0,85 €","(10,00 €/KILO)"
Trozos de calamar en salsa americana Lamberti lata 3 x 51 g,"2,00 €","(13,07 €/KILO)"
Trozos de calamar en su tinta Lamberti lata 3 x 51 g,"2,20 €","(14,38 €/KILO)"
Melva en aceite de oliva Mari Marinera de Dia lata 85 g,"2,13 €","(25,06 €/KILO)"
Tacos de potón al ajillo Mari Marinera de Dia lata 72 g,"1,35 €","(18,75 €/KILO)"
Calamares en su tinta Albo lata 72 g,"2,69 €","(37,36 €/KILO)"
Almejas blancas del norte al natural Dani lata 90 g,"1,95 €","(21,67 €/KILO)"
Almejones al natural Mari Marinera de Dia lata 63 g,"1,20 €","(19,05 €/KILO)"
Zamburiña en salsa vieira Galica lata 63 g,"2,20 €","(34,92 €/KILO)"
Ensalada mediterránea de atún Al Punto Dia lata 150 g,"1,25 €","(8,33 €/KILO)"
Maíz dulce Vegecampo de Dia lata 3 x 140 g,"1,75 €","(4,17 €/KILO)"
Judías verdes cortadas categoría extra Vegecampo de Dia frasco 360 g,"1,25 €","(3,47 €/KILO)"
Pimientos del piquillo en tiras con ajo Vegecampo de Dia frasco 225 g,"1,10 €","(4,89 €/KILO)"
Champiñones laminados Vegecampo de Dia lata 185 g,"1,00 €","(5,41 €/KILO)"
Champiñones laminados Vegecampo de Dia lata 2 x 105 g,"1,69 €","(8,05 €/KILO)"
Macedonia de verdura Vegecampo de Dia frasco 325 g,"0,91 €","(2,80 €/KILO)"
Espárragos blancos cortos y delgados Vegecampo de Dia frasco 110 g,"1,50 €","(13,64 €/KILO)"
Guisantes medianos Vegecampo de Dia lata 3 x 130 g,"2,00 €","(5,13 €/KILO)"
Guisantes muy finos Vegecampo de Dia lata 250 g,"0,90 €","(3,60 €/KILO)"
Puré de patatas Patatas Unidas Dia caja 500 g,"2,00 €","(4,00 €/KILO)"
Caldo de pollo Al Punto Dia caja 24 unidades,"1,30 €","(0,05 €/UNIDAD)"
Caldo de pescado Al Punto Dia caja 12 unidades,"0,85 €","(0,07 €/UNIDAD)"
Sopa de pollo con fideos Gallina Blanca sobre 71 g,"0,85 €","(11,97 €/KILO)"
Sopa maravilla Al Punto Dia sobre 90 g,"0,65 €","(7,22 €/KILO)"
Caldo de pescado Knorr caja 12 unidades,"1,69 €","(0,14 €/UNIDAD)"
Sopa de pollo con fideos Al Punto Dia sobre 71 g,"0,44 €","(6,20 €/KILO)"
Noodles orientales sabor pollo Al Punto Dia vaso 65 g,"0,85 €","(13,08 €/KILO)"
Sopa de cocido con fideos Gallina Blanca sobre 72 g,"0,85 €","(11,81 €/KILO)"
Caldo de pollo casero Al Punto Dia brik 1 l,"0,52 €","(0,53 €/LITRO)"
Crema de calabaza Al Punto Dia brik 500 ml,"1,10 €","(2,20 €/LITRO)"
Caldo de cocido Al Punto Dia brik 1 l,"0,68 €","(0,68 €/LITRO)"
Crema de verduras Al Punto Dia brik 500 ml,"1,10 €","(2,20 €/LITRO)"
Caldo de pollo 100% natural Gallina Blanca brik 2 x 1 l,"4,19 €","(2,10 €/LITRO)"
Crema de calabacín con queso Al Punto Dia brik 500 ml,"1,10 €","(2,20 €/LITRO)"
Caldo de verduras Al Punto Dia brik 1 l,"0,75 €","(0,75 €/LITRO)"
Caldo para paella Al Punto Dia brik 1 l,"1,50 €","(1,50 €/LITRO)"
Caldo de pescado Al Punto Dia brik 1 l,"1,15 €","(1,15 €/LITRO)"
Caldo casero de pollo 100% natural Gallina Blanca brik 1 l,"2,20 €","(2,20 €/LITRO)"
Barra de pan El molino de Dia bolsa 250 g,"0,49 €","(1,96 €/KILO)"
Hogaza El molino de Dia bolsa 350 g,"0,99 €","(2,83 €/KILO)"
Barra de pan chapata El molino de Dia bolsa 300 g,"0,66 €","(2,20 €/KILO)"
Barra de pan de picos El molino de Dia bolsa 260 g,"0,69 €","(2,65 €/KILO)"
Barra de pan integral 100% El molino de Dia bolsa 220 g,"0,60 €","(2,73 €/KILO)"
Barra de pan peregrina El molino de Dia bolsa 250 g,"0,73 €","(2,92 €/KILO)"
Barra de pan picado andaluz El molino de Dia bolsa 130 g,"0,36 €","(2,77 €/KILO)"
Barra de pan baguette El molino de Dia bolsa 250 g,"0,52 €","(2,08 €/KILO)"
Barra de pan 8 cereales El molino de Dia bolsa 210 g,"0,87 €","(4,14 €/KILO)"
Barra de pan El molino de Dia bolsa 125 g,"0,28 €","(2,24 €/KILO)"
Pan de molde formato familiar El molino de Dia bolsa 820 g,"1,25 €","(1,52 €/KILO)"
Pan de hamburguesa maxi El molino de Dia bolsa 300 g,"0,90 €","(3,00 €/KILO)"
Pan de molde blanco sin corteza El molino de Dia bolsa 450 g,"1,20 €","(2,67 €/KILO)"
Pan de molde formato familiar Bimbo bolsa 700 g,"2,59 €","(3,70 €/KILO)"
Tortillas trigo Al Punto Dia bolsa 320 g,"1,07 €","(3,34 €/KILO)"
Pan de hamburguesas Bimbo bolsa 300 g,"2,39 €","(7,97 €/KILO)"
Panecillos para perritos El molino de Dia bolsa 330 g,"0,95 €","(2,88 €/KILO)"
Pan de molde blanco El molino de Dia bolsa 460 g,"0,85 €","(1,85 €/KILO)"
Pan de molde 100% integral familiar El molino de Dia bolsa 820 g,"1,25 €","(1,52 €/KILO)"
Picos de pan El molino de Dia bolsa 250 g,"0,64 €","(2,55 €/KILO)"
Regañás con aceite de oliva virgen extra El molino de Dia bolsa 150 g,"1,45 €","(9,67 €/KILO)"
Picos integrales El molino de Dia bolsa 250 g,"0,64 €","(2,55 €/KILO)"
Biscotes El molino de Dia bolsa 540 g,"1,95 €","(3,61 €/KILO)"
Palitos de pan con pipas Naturmundo de Dia bolsa 90 g,"0,79 €","(8,78 €/KILO)"
Biscotes integrales El molino de Dia bolsa 540 g,"1,99 €","(3,69 €/KILO)"
Picos rústicos con aceite de oliva El molino de Dia bolsa 130 g,"1,59 €","(12,23 €/KILO)"
Cóctel de picos El molino de Dia bolsa 250 g,"1,25 €","(5,00 €/KILO)"
Picos camperos El molino de Dia bolsa 250 g,"0,99 €","(3,96 €/KILO)"
Pan rallado Onena bolsa 750 g,"0,99 €","(1,32 €/KILO)"
Pan rallado ajo y perejil Onena paquete 500 g,"1,05 €","(2,10 €/KILO)"
Preparado para rebozar crujiente sin gluten Esgir bolsa 200 g,"1,75 €","(8,75 €/KILO)"
Pan rallado sin gluten Panceliac bolsa 400 g,"2,69 €","(6,73 €/KILO)"
Harina de trigo El molino de Dia paquete 1 Kg,"0,71 €","(0,71 €/KILO)"
Harina de fuerza El molino de Dia paquete 1 Kg,"0,92 €","(0,92 €/KILO)"
Levadura en polvo Delimagic de Dia sobre 90 g,"0,69 €","(7,67 €/KILO)"
Levadura fresca Levanova 2 x 25 g,"0,49 €","(9,80 €/KILO)"
Harina 100% de maíz blanco Pan bolsa 1 Kg,"2,54 €","(2,54 €/KILO)"
Harina de maíz Maizena caja 400 g,"2,99 €","(7,48 €/KILO)"
Harina de bizcocho Gallo paquete 1 Kg,"1,79 €","(1,79 €/KILO)"
Preparado para hornear en polvo Royal caja 96 g,"2,69 €","(28,02 €/KILO)"
Harina de repostería El molino de Dia paquete 1 Kg,"1,07 €","(1,07 €/KILO)"
Masa fina para pizza Al Punto Dia bolsa 260 g,"1,19 €","(4,58 €/KILO)"
Masa de hojaldre Al Punto Dia bolsa 230 g,"1,19 €","(5,17 €/KILO)"
Masa quebrada Al Punto Dia bolsa 230 g,"1,29 €","(5,61 €/KILO)"
Masa fina para pizza Casa Tarradellas bandeja 260 g,"1,35 €","(5,19 €/KILO)"
Masa hojaldre Casa Tarradellas bandeja 260 g,"1,35 €","(5,19 €/KILO)"
Masa de hojaldre rectangular Buitoni 230 g,"1,99 €","(8,65 €/KILO)"
Masa para pizza finíssima redonda Buitoni bolsa 230 g,"1,99 €","(8,65 €/KILO)"
Preparado de tortitas americanas Mary Lee bolsa 156 g,"1,75 €","(11,22 €/KILO)"
Preparado para crepes Delimagic de Dia frasco 200 g,"1,99 €","(9,95 €/KILO)"
Perlitas de chocolate Dr. Oetker bolsa 100 g,"2,59 €","(25,90 €/KILO)"
Sirope de chocolate Delimagic de Dia botella 295 g,"1,65 €","(5,59 €/KILO)"
Preparado para tarta de queso Royal caja 325 g,"3,99 €","(12,28 €/KILO)"
Preparado para pastel fresco sabor limón Royal caja 103 g,"1,60 €","(15,53 €/KILO)"
Aroma de vainilla Dr. Oetker blister 8 g,"2,79 €","(348,75 €/KILO)"
Preparado para tarta de chocolate milka Royal caja 350 g,"4,50 €","(12,86 €/KILO)"
Gelatina sabor fresa Royal caja 114 g,"2,79 €","(24,47 €/KILO)"
Café molido mezcla Cafetería de Dia bolsa 2 x 250 g,"4,69 €","(9,38 €/KILO)"
Café molido natural Cafetería de Dia bolsa 2 x 250 g,"4,69 €","(9,38 €/KILO)"
Café soluble clásico Cafetería de Dia frasco 200 g,"3,49 €","(17,45 €/KILO)"
Café con leche en cápsulas Cafetería de Dia caja 16 unidades,"3,10 €","(0,19 €/UNIDAD)"
Café molido natural Bonka paquete 250 g,"3,19 €","(12,76 €/KILO)"
Café en cápsulas espresso intenso Arom'arte de Dia caja 20 unidades,"3,95 €","(0,20 €/UNIDAD)"
Café molido mezcla intensa La estrella bolsa 250 g,"2,75 €","(11,00 €/KILO)"
Café soluble natural Nescafé frasco 200 g,"6,65 €","(33,25 €/KILO)"
Café molido natural descafeinado Cafetería de Dia paquete 250 g,"2,49 €","(9,96 €/KILO)"
Soluble al cacao Temptation de Dia bote 900 g,"3,40 €","(3,78 €/KILO)"
Cacao soluble instantáneo Nesquik bote 390 g,"3,79 €","(9,72 €/KILO)"
Cacao en polvo Temptation de Dia bolsa 400 g,"1,99 €","(4,98 €/KILO)"
Cacao soluble ColaCao bote 383 g,"3,79 €","(9,90 €/KILO)"
Soluble al cacao Temptation de Dia bote 500 g,"2,59 €","(5,18 €/KILO)"
Cacao soluble ColaCao caja 2.5 Kg,"15,99 €","(6,40 €/KILO)"
Cacao soluble ColaCao bote 760 g,"6,49 €","(8,54 €/KILO)"
Cacao soluble 0% azúcares añadidos ColaCao bote 325 g,"4,29 €","(13,20 €/KILO)"
Cacao instantáneo Nesquik estuche 2 Kg,"11,19 €","(5,60 €/KILO)"
Manzanilla Tetería de Dia caja 25 unidades,"0,69 €","(0,03 €/UNIDAD)"
Infusión buenas noches Tetería de Dia caja 25 unidades,"1,25 €","(0,05 €/UNIDAD)"
Infusión de jengibre con limón Tetería de Dia caja 25 unidades,"1,40 €","(0,06 €/UNIDAD)"
Infusión poleo menta Tetería de Dia caja 25 unidades,"0,81 €","(0,03 €/UNIDAD)"
Té verde Tetería de Dia caja 25 unidades,"0,94 €","(0,04 €/UNIDAD)"
Té negro sabor vainilla y caramelo Tetería de Dia caja 12 unidades,"1,89 €","(0,16 €/UNIDAD)"
Infusión quema-grasa Pompadour caja 20 unidades,"2,79 €","(0,14 €/UNIDAD)"
Manzanilla con anís Tetería de Dia caja 40 unidades,"1,75 €","(0,04 €/UNIDAD)"
Té negro Tetería de Dia caja 25 unidades,"0,90 €","(0,04 €/UNIDAD)"
Infusión digestiva Tetería de Dia caja 25 unidades,"1,25 €","(0,05 €/UNIDAD)"
Azúcar blanco Dia paquete 1 Kg,"1,10 €","(1,10 €/KILO)"
Azúcar blanco Azucarera paquete 1 Kg,"1,15 €","(1,15 €/KILO)"
Azúcar moreno de caña integral Sidul bolsa 1 Kg,"1,85 €","(1,85 €/KILO)"
Edulcorante líquido Dia botella 200 ml,"1,13 €","(5,65 €/LITRO)"
Panela azúcar moreno de caña integral Azucarera bolsa 500 g,"1,99 €","(3,98 €/KILO)"
Edulcorante Dia bote 50 g,"1,11 €","(22,20 €/KILO)"
Azúcar blanco en sobres Dia caja 300 g,"1,15 €","(3,83 €/KILO)"
Edulcorante en polvo Dia bote 200 g,"3,29 €","(16,45 €/KILO)"
Azúcar moreno de caña integral Azucarera brik 800 g,"1,79 €","(2,24 €/KILO)"
Miel de flores Mielove de Dia frasco 1 Kg,"4,40 €","(4,40 €/KILO)"
Miel de flores antigoteo Mielove de Dia frasco 500 g,"3,05 €","(6,10 €/KILO)"
Miel de azahar Mielove de Dia frasco 350 g,"3,19 €","(9,11 €/KILO)"
Miel de romero Mielove de Dia frasco 350 g,"3,49 €","(9,97 €/KILO)"
Miel de eucalipto Mielove de Dia frasco 350 g,"3,19 €","(9,11 €/KILO)"
Miel de montaña Mielove de Dia frasco 500 g,"4,85 €","(9,70 €/KILO)"
Sirope de caña antigoteo Ramiflor frasco 500 g,"3,50 €","(7,00 €/KILO)"
Miel de flores La obrera frasco 500 g,"4,45 €","(8,90 €/KILO)"
Miel de flores antigoteo Granja san fancisco bote 350 g,"5,50 €","(15,71 €/KILO)"
Mermelada de fresa extra Fruticampo de Dia frasco 390 g,"1,50 €","(3,85 €/KILO)"
Mermelada de melocotón extra Fruticampo de Dia frasco 390 g,"1,50 €","(3,85 €/KILO)"
Mermelada de melocotón extra Fruticampo de Dia frasco 650 g,"2,39 €","(3,68 €/KILO)"
Piña en su jugo en rodajas Fruticampo de Dia lata 490 g,"1,95 €","(3,98 €/KILO)"
Melocotón en almíbar en mitades Sueños Dia lata 480 g,"2,05 €","(4,27 €/KILO)"
Dulce de membrillo Fruticampo de Dia tarrina 350 g,"1,29 €","(3,69 €/KILO)"
Mermelada de fresa 0% sin azúcares añadidos Fruticampo de Dia frasco 330 g,"1,60 €","(4,85 €/KILO)"
Mermelada de frambuesa La vieja fábrica frasco 280 g,"2,69 €","(9,61 €/KILO)"
Piña en su jugo en rodajas Fruticampo de Dia lata 3 x 137 g,"2,43 €","(5,83 €/KILO)"
Crema de cacao con avellanas dúo Temptation de Dia bote 400 g,"1,85 €","(4,63 €/KILO)"
Crema de cacao con avellanas Temptation de Dia bote 400 g,"1,85 €","(4,63 €/KILO)"
Crema de cacao con avellanas Nutella bote 350 g,"3,95 €","(11,29 €/KILO)"
Crema de cacao con avellanas cookies&cream Nocilla bote 180 g,"2,55 €","(14,17 €/KILO)"
Crema de cacao y leche de avellanas dúo Nocilla bote 360 g,"3,65 €","(10,14 €/KILO)"
Crema de cacao con avellanas original Nocilla bote 360 g,"3,65 €","(10,14 €/KILO)"
Sticks con crema de cacao y leche de avellanas Nocilla caja 60 g,"1,30 €","(21,67 €/KILO)"
Dulce de leche Mardel frasco 450 g,"3,15 €","(7,00 €/KILO)"
Crema de cacao con avellanas Nutella bote 200 g,"2,69 €","(13,45 €/KILO)"
Chocolate blanco con relleno de galleta filipinos Nestlé Extrafino 84 g,"1,39 €","(16,55 €/KILO)"
Chocolate con leche y avellanas Temptation de Dia 150 g,"1,50 €","(10,00 €/KILO)"
Chocolate negro 85% cacao sin azúcares añadidos Temptation de Dia 100 g,"1,70 €","(17,00 €/KILO)"
Chocolate con leche y almendras Temptation de Dia 150 g,"1,50 €","(10,00 €/KILO)"
Chocolate blanco Temptation de Dia 100 g,"1,15 €","(11,50 €/KILO)"
Chocolate negro 74% cacao Temptation de Dia 100 g,"1,59 €","(15,90 €/KILO)"
Chocolate con leche Milka 125 g,"1,30 €","(10,40 €/KILO)"
Barritas de chocolate con leche y avellanas Temptation de Dia bolsa 115 g,"1,65 €","(14,35 €/KILO)"
Chocolate con leche crujiente Temptation de Dia 75 g,"0,85 €","(11,33 €/KILO)"
Regaliz rueda rojo Marcelo Caramelo de Dia bolsa 250 g,"1,39 €","(5,56 €/KILO)"
Tronquitos sin pica Marcelo Caramelo de Dia bolsa 225 g,"1,09 €","(4,84 €/KILO)"
Chicles sabor hierbabuena sin azúcar Iceberg de Dia bolsa 44.8 g,"0,99 €","(22,10 €/KILO)"
Mini regalices sour boom colour mix Fini bolsa 90 g,"1,19 €","(13,22 €/KILO)"
Golosinas surtidas Marcelo Caramelo de Dia bolsa 250 g,"1,79 €","(7,16 €/KILO)"
Golosinas fresa Marcelo Caramelo de Dia bolsa 250 g,"1,69 €","(6,76 €/KILO)"
Caramelo de goma relleno sabor cereza Dulciora Pikotas bolsa 100 g,"1,39 €","(13,90 €/KILO)"
Regaliz de goma torcidas rellenas Fini bolsa 125 g,"1,09 €","(8,72 €/KILO)"
Chicles de hierbabuena sin azúcar Iceberg de Dia bote 70 unidades,"1,95 €","(0,03 €/UNIDAD)"
Galletas dorada maría Galleteca de Dia paquete 800 g,"1,45 €","(1,81 €/KILO)"
Galletas rellenas de crema de chocolate Galleteca de Dia paquete 500 g,"1,30 €","(2,60 €/KILO)"
Galletas tostaditas Galleteca de Dia caja 600 g,"1,50 €","(2,50 €/KILO)"
Galletas de cacao rellenas de crema Galleteca de Dia caja 220 g,"1,05 €","(4,77 €/KILO)"
Roscos de galleta con chocolate blanco chocoaros Galleteca de Dia bolsa 128 g,"0,95 €","(7,42 €/KILO)"
Galletas cubiertas de chocolate con leche Galleteca de Dia caja 150 g,"1,40 €","(9,33 €/KILO)"
Mini galletas con pepitas de chocolate Galleteca de Dia caja 160 g,"1,40 €","(8,75 €/KILO)"
Galletas relieve Galleteca de Dia caja 735 g,"1,65 €","(2,24 €/KILO)"
Galletas de desayuno Cuétara Tostarica caja 570 g,"2,99 €","(5,25 €/KILO)"
Galletas crackers saladas Snack Maniac de Dia bolsa 300 g,"1,29 €","(4,30 €/KILO)"
Galletas saladas Snack Maniac de Dia bolsa 200 g,"0,95 €","(4,75 €/KILO)"
Crackers Tuc bolsa 100 g,"1,23 €","(12,30 €/KILO)"
Galletas crackers con sal Gran pavesi bolsa 250 g,"2,39 €","(9,56 €/KILO)"
Galletas saladas con aceite de oliva virgen extra Biscuits Galicia bolsa 200 g,"1,85 €","(9,25 €/KILO)"
Croissants rellenos de cacao y avellanas El molino de Dia bolsa 315 g,"1,55 €","(4,92 €/KILO)"
Pan de leche El molino de Dia bolsa 350 g,"1,49 €","(4,26 €/KILO)"
Magdalenas clásicas El molino de Dia bolsa 515 g,"1,99 €","(3,86 €/KILO)"
Bocaditos de cacao Mandul bolsa 210 g,"1,25 €","(5,95 €/KILO)"
Sobaos El molino de Dia bolsa 350 g,"1,39 €","(3,97 €/KILO)"
Croissants El molino de Dia bolsa 390 g,"1,68 €","(4,31 €/KILO)"
Palmeritas El molino de Dia bandeja 245 g,"1,59 €","(6,49 €/KILO)"
Napolitanas rellenas de crema de cacao El molino de Dia bolsa 270 g,"1,31 €","(4,85 €/KILO)"
Rosquillas glaseadas El molino de Dia caja 208 g,"1,69 €","(8,13 €/KILO)"
Cereales rellenos con chocolate y avena Gran Dia caja 500 g,"2,00 €","(4,00 €/KILO)"
Copos de avena Gran Dia caja 500 g,"0,95 €","(1,90 €/KILO)"
Cereales rellenos de leche Gran Dia caja 500 g,"2,50 €","(5,00 €/KILO)"
Cereales copos de maíz corn flakes Gran Dia caja 500 g,"1,45 €","(2,90 €/KILO)"
Cereales copos de arroz y trigo integral cubiertos de chocolate Gran Dia caja 300 g,"1,88 €","(6,27 €/KILO)"
Muesli crujiente con chocolate Gran Dia caja 500 g,"2,45 €","(4,90 €/KILO)"
Cereales de pétalos de trigo y chocolate Gran Dia caja 500 g,"1,90 €","(3,80 €/KILO)"
Cereales de arroz inflado con chocolate Gran Dia caja 500 g,"2,10 €","(4,20 €/KILO)"
Cereales de trigo inflado con miel Gran Dia caja 500 g,"1,95 €","(3,90 €/KILO)"
Barritas de cereales con avellanas Gran Dia caja 150 g,"1,50 €","(10,00 €/KILO)"
Tortitas de maíz Naturmundo de Dia bolsa 130 g,"1,25 €","(9,62 €/KILO)"
Mini tortitas de maíz y arroz sabor jamón Naturmundo de Dia bolsa 75 g,"1,39 €","(18,53 €/KILO)"
Tortitas de arroz integral con chocolate blanco Naturmundo de Dia bolsa 130 g,"1,85 €","(14,23 €/KILO)"
Tortitas de arroz integral con chocolate negro Naturmundo de Dia bolsa 130 g,"1,85 €","(14,23 €/KILO)"
Tortitas de maíz con chocolate negro Naturmundo de Dia bolsa 90 g,"1,35 €","(15,00 €/KILO)"
Tortitas de arroz integral Naturmundo de Dia bolsa 130 g,"1,25 €","(9,62 €/KILO)"
Mini tortitas de maíz y arroz sabor queso Naturmundo de Dia bolsa 75 g,"1,39 €","(18,53 €/KILO)"
Mini tortitas sabor campesina Naturmundo de Dia bolsa 75 g,"1,39 €","(18,53 €/KILO)"
Tortitas de maíz sabor jamón ibérico Bicentury bolsa 123 g,"2,39 €","(19,43 €/KILO)"
Patatas fritas gourmet extra crujientes Snack Maniac de Dia bolsa 150 g,"1,35 €","(9,00 €/KILO)"
Tiras de maíz Snack Maniac de Dia bolsa 150 g,"0,59 €","(3,93 €/KILO)"
Nachos sabor a queso Snack Maniac de Dia bolsa 150 g,"0,95 €","(6,33 €/KILO)"
Patatas fritas lisas al punto de sal Snack Maniac de Dia bolsa 200 g,"1,29 €","(6,45 €/KILO)"
Patatas fritas onduladas sabor jamón Snack Maniac de Dia bolsa 170 g,"1,36 €","(8,00 €/KILO)"
Snack hot goal Adri Contreras Snack Maniac de Dia bolsa 150 g,"1,50 €","(10,00 €/KILO)"
Aperitivo de maíz horneado sabor a queso Cheetos bolsa 130 g,"1,89 €","(14,54 €/KILO)"
Patatas artesanas a la sartén Snack Maniac de Dia bolsa 2 x 150 g,"1,85 €","(6,17 €/KILO)"
Patatas fritas Santa Ana bolsa 150 g,"1,64 €","(10,93 €/KILO)"
Aceitunas rellenas de anchoa Vegecampo de Dia lata 150 g,"1,00 €","(6,67 €/KILO)"
Pepinillos pequeños Vegecampo de Dia frasco 180 g,"1,17 €","(6,50 €/KILO)"
Aceitunas negras sin hueso Vegecampo de Dia lata 150 g,"1,00 €","(6,67 €/KILO)"
Aceitunas rellenas de anchoa Vegecampo de Dia lata 3 x 50 g,"1,60 €","(10,67 €/KILO)"
Aceitunas chupadedos con hueso Vegecampo de Dia frasco 410 g,"2,80 €","(6,83 €/KILO)"
Aceitunas verdes sin hueso Vegecampo de Dia bolsa 3 x 75 g,"1,65 €","(7,33 €/KILO)"
Pepinillos agridulces Vegecampo de Dia frasco 360 g,"1,50 €","(4,17 €/KILO)"
Aceitunas verdes sin hueso Vegecampo de Dia frasco 400 g,"2,60 €","(6,50 €/KILO)"
Pepinillos y cebollitas Vegecampo de Dia frasco 380 g,"1,90 €","(5,00 €/KILO)"
Nueces sin cáscara al natural Naturmundo de Dia bolsa 200 g,"2,35 €","(11,75 €/KILO)"
Cacahuete frito salado Naturmundo de Dia bolsa 250 g,"1,00 €","(4,00 €/KILO)"
Mix de frutos secos clásico Naturmundo de Dia bolsa 200 g,"2,75 €","(13,75 €/KILO)"
Almendras al natural con piel Naturmundo de Dia bolsa 200 g,"2,09 €","(10,45 €/KILO)"
Pistachos tostados con sal Naturmundo de Dia bolsa 250 g,"3,35 €","(13,40 €/KILO)"
Anacardo al natural Naturmundo de Dia bolsa 200 g,"2,35 €","(11,75 €/KILO)"
Castañas malla 500 g,"2,99 €","(5,98 €/KILO)"
Palomitas sabor mantequilla Snack Maniac de Dia caja 270 g,"1,35 €","(5,00 €/KILO)"
Avellanas tostadas Naturmundo de Dia bolsa 200 g,"3,00 €","(15,00 €/KILO)"
Pizza jamón y queso Al Punto Dia bandeja 400 g,"2,41 €","(6,03 €/KILO)"
Pizza barbacoa Al Punto Dia bandeja 425 g,"2,59 €","(6,09 €/KILO)"
Pizza 4 quesos Al Punto Dia bandeja 390 g,"2,69 €","(6,90 €/KILO)"
Pizza carbonara Al Punto Dia bandeja 400 g,"2,69 €","(6,73 €/KILO)"
Pizza atún y bacon Al Punto Dia bandeja 400 g,"2,69 €","(6,73 €/KILO)"
Pizza pollo Al Punto Dia bandeja 400 g,"2,69 €","(6,73 €/KILO)"
Pizza jamón y queso Casa Tarradellas bandeja 2 x 225 g,"3,19 €","(7,09 €/KILO)"
Pizza smoky grilled pork Al Punto Dia bandeja 480 g,"2,99 €","(6,23 €/KILO)"
Pizza serrana Al Punto Dia bandeja 390 g,"2,69 €","(6,90 €/KILO)"
Fabada asturiana Al Punto Dia lata 435 g,"1,49 €","(3,43 €/KILO)"
Hummus clásico Al Punto Dia tarrina 220 g,"1,29 €","(5,86 €/KILO)"
Albóndigas Al Punto Dia lata 415 g,"1,26 €","(3,04 €/KILO)"
Flautas de pollo y 2 quesos Al Punto Dia bandeja 275 g,"1,95 €","(7,09 €/KILO)"
Tiras de pollo braseado Nuestra Alacena de Dia bandeja 2 x 65 g,"1,95 €","(15,00 €/KILO)"
Lentejas con chorizo Al Punto Dia lata 415 g,"1,33 €","(3,20 €/KILO)"
Cocido madrileño Al Punto Dia lata 425 g,"1,33 €","(3,12 €/KILO)"
Flautas de carne y salsa barbacoa con bacon Al Punto Dia bandeja 275 g,"1,95 €","(7,09 €/KILO)"
Flautas de bacon y 2 quesos Al Punto Dia bandeja 275 g,"1,95 €","(7,09 €/KILO)"
Tortillas trigo Al Punto Dia bolsa 320 g,"1,07 €","(3,34 €/KILO)"
Noodles orientales sabor pollo Al Punto Dia vaso 65 g,"0,85 €","(13,08 €/KILO)"
Rollitos de primavera Al Punto Dia bandeja 280 g,"2,45 €","(8,75 €/KILO)"
Gyozas de pollo y verduras al teppanyaki Al Punto Dia bandeja 140 g,"2,95 €","(21,07 €/KILO)"
Noodles orientales sabor verduras Al Punto Dia vaso 65 g,"0,85 €","(13,08 €/KILO)"
Tortilla integral Al Punto Dia bolsa 320 g,"1,47 €","(4,59 €/KILO)"
Fideos orientales pollo Gallina Blanca Yatekomo bote 2 x 60 g,"3,05 €","(25,42 €/KILO)"
Noodles sabor pollo Al Punto Dia sobre 85 g,"0,99 €","(11,65 €/KILO)"
Gyozas de langostino al teppanyaki Al Punto Dia bandeja 140 g,"2,95 €","(21,07 €/KILO)"
Tortilla de patatas con cebolla Al Punto Dia bandeja 600 g,"2,59 €","(4,32 €/KILO)"
Mini tortilla de patatas con cebolla Al Punto Dia bandeja 220 g,"1,29 €","(5,86 €/KILO)"
Empanada de atún El molino de Dia bolsa 550 g,"3,69 €","(6,71 €/KILO)"
Tortilla de patatas sin cebolla Al Punto Dia bandeja 600 g,"2,59 €","(4,32 €/KILO)"
Empanada de pollo El molino de Dia 550 g,"3,69 €","(6,71 €/KILO)"
Empanada de carne El molino de Dia bolsa 550 g,"3,69 €","(6,71 €/KILO)"
Tortilla de patata fresca Al Punto Dia bandeja 600 g,"2,95 €","(4,92 €/KILO)"
Empanada de pollo El molino de Dia bolsa 120 g,"0,69 €","(5,75 €/KILO)"
Tortilla de patatas con espinacas Palacios bandeja 300 g,"2,79 €","(9,30 €/KILO)"
Gazpacho Al Punto Dia brik 1 l,"1,60 €","(1,60 €/LITRO)"
Salmorejo Al Punto Dia brik 1 l,"2,15 €","(2,15 €/LITRO)"
Gazpacho Al Punto Dia brik 3 x 330 ml,"2,15 €","(2,17 €/LITRO)"
Gazpacho suave Al Punto Dia brik 1 l,"1,79 €","(1,79 €/LITRO)"
Hielo en cubitos bolsa 2 Kg,"0,99 €","(0,50 €/KILO)"
Helado cono de nata y chocolate 4 unidades Temptation de Dia caja 272 g,"1,79 €","(6,58 €/KILO)"
Helado bombón mini doble chocolate y caramelo salado Temptation de Dia estuche 216 g,"1,75 €","(8,10 €/KILO)"
Helado cono de nata 4 unidades Temptation de Dia caja 272 g,"1,79 €","(6,58 €/KILO)"
Helado sabor dulce de leche Temptation de Dia tarrina 525 g,"2,89 €","(5,50 €/KILO)"
Helado bombón chocolate blanco con palomitas 3 unidades Temptation de Dia estuche 195 g,"1,55 €","(7,95 €/KILO)"
Helado sándwich de nata 6 unidades Temptation de Dia caja 300 g,"1,99 €","(6,63 €/KILO)"
Helado bombón mini surtido 8 unidades Temptation de Dia estuche 288 g,"2,39 €","(8,30 €/KILO)"
Helado bombón almendrado Temptation de Dia caja 360 g,"2,09 €","(5,81 €/KILO)"
Helado sándwich cookie con vainilla 4 unidades Temptation de Dia caja 220 g,"2,49 €","(11,32 €/KILO)"
Baguette jamón y queso 2 unidades Al Punto Dia caja 250 g,"1,89 €","(7,56 €/KILO)"
Bases de pizza finas 3 unidades Al Punto Dia bolsa 420 g,"1,90 €","(4,52 €/KILO)"
Pizza super pepperoni Al Punto Dia caja 417 g,"3,99 €","(9,57 €/KILO)"
Pizza 4 quesos Al Punto Dia caja 400 g,"2,49 €","(6,23 €/KILO)"
Pizza crispy bacon Al Punto Dia caja 450 g,"3,99 €","(8,87 €/KILO)"
Pizza barbacoa Al Punto Dia caja 350 g,"2,49 €","(7,11 €/KILO)"
Pizza jamón y queso Al Punto Dia caja 350 g,"2,49 €","(7,11 €/KILO)"
Mini pizzas jamón y queso Al Punto Dia caja 270 g,"2,49 €","(9,22 €/KILO)"
Pizza reina 2 unidades Al Punto Dia caja 700 g,"3,39 €","(4,84 €/KILO)"
Filete de merluza argentino sin piel Mari Marinera de Dia bolsa 400 g,"3,29 €","(8,23 €/KILO)"
Rabas empanadas Mari Marinera de Dia bolsa 400 g,"2,89 €","(7,23 €/KILO)"
Almeja del pacífico Mari Marinera de Dia bolsa 450 g,"1,69 €","(3,76 €/KILO)"
Langostino crudo grande 32/48 piezas Mari Marinera de Dia caja 800 g,"5,99 €","(7,49 €/KILO)"
Lomos de salmón Selección Mundial de Dia bolsa 250 g,"6,39 €","(25,56 €/KILO)"
Filete de merluza del cabo sin piel MSC Mari Marinera de Dia bolsa 600 g,"5,29 €","(8,82 €/KILO)"
Merluza rebozada al huevo MSC Mari Marinera de Dia caja 340 g,"2,79 €","(8,21 €/KILO)"
Muslitos de mar MSC Mari Marinera de Dia caja 250 g,"1,49 €","(5,96 €/KILO)"
Preparado para paellas y sopas Mari Marinera de Dia bolsa 685 g,"3,99 €","(5,82 €/KILO)"
Nuggets de pollo Al Punto Dia bolsa 400 g,"2,99 €","(7,48 €/KILO)"
Fingers de pollo Al Punto Dia bolsa 400 g,"2,46 €","(6,15 €/KILO)"
San jacobo Al Punto Dia bolsa 320 g,"1,19 €","(3,72 €/KILO)"
Kebab loncheado de pollo Gourmet Kebab bolsa 250 g,"3,49 €","(13,96 €/KILO)"
Crunchy de pollo con salsa barbacoa Fripozo bolsa 300 g,"2,49 €","(8,30 €/KILO)"
Nuggets de pollo y queso Al Punto Dia bolsa 400 g,"3,39 €","(8,48 €/KILO)"
Finger de pollo La cocinera caja 320 g,"4,99 €","(15,59 €/KILO)"
Mezcla de pimientos Vegecampo de Dia bolsa 400 g,"1,14 €","(2,85 €/KILO)"
Cebolla troceada Vegecampo de Dia bolsa 400 g,"0,91 €","(2,28 €/KILO)"
Arroz tres delicias Al Punto Dia bolsa 850 g,"2,42 €","(2,85 €/KILO)"
Brócoli Vegecampo de Dia bolsa 900 g,"1,88 €","(2,09 €/KILO)"
Braseado de verduras con pollo asado Al Punto Dia bolsa 400 g,"1,89 €","(4,73 €/KILO)"
Salteado de setas Al Punto Dia bolsa 450 g,"1,58 €","(3,51 €/KILO)"
Guisantes Vegecampo de Dia bolsa 1 Kg,"1,62 €","(1,62 €/KILO)"
Judías verdes planas Vegecampo de Dia bolsa 1 Kg,"1,58 €","(1,58 €/KILO)"
Ajo troceado Vegecampo de Dia bolsa 150 g,"1,01 €","(6,73 €/KILO)"
Patatas prefritas Patatas Unidas Dia bolsa 2 Kg,"2,57 €","(1,28 €/KILO)"
Patatas prefritas Patatas Unidas Dia bolsa 1 Kg,"1,83 €","(1,83 €/KILO)"
Patatas finas prefritas Patatas Unidas Dia bolsa 1 Kg,"1,89 €","(1,89 €/KILO)"
Patatas gajo Patatas Unidas Dia bolsa 750 g,"1,80 €","(2,40 €/KILO)"
Patatas fritas tradition McCain bolsa 1 Kg,"3,87 €","(3,87 €/KILO)"
Patatas bravas prefritas Patatas Unidas Dia bolsa 750 g,"1,93 €","(2,57 €/KILO)"
Patatas fritas corte fino Julienne McCain Airfryer bolsa 600 g,"3,39 €","(5,65 €/KILO)"
Patatas fritas golden long McCain bolsa 1 Kg,"3,87 €","(3,87 €/KILO)"
Patatas gajo barbacoa McCain bolsa 750 g,"3,49 €","(4,65 €/KILO)"
Mini empanadillas de atún Al Punto Dia bolsa 400 g,"1,53 €","(3,83 €/KILO)"
Croquetas de jamón Al Punto Dia bolsa 500 g,"1,25 €","(2,50 €/KILO)"
Gyozas de pollo Vici bolsa 400 g,"3,99 €","(9,98 €/KILO)"
Empanadillas de atún MSC La cocinera caja 312 g,"4,99 €","(15,99 €/KILO)"
Empanadillas de atún Al Punto Dia bolsa 500 g,"1,90 €","(3,80 €/KILO)"
Palitos de mozzarella Al Punto Dia bolsa 300 g,"2,59 €","(8,63 €/KILO)"
Croquetas de pollo Al Punto Dia bolsa 450 g,"1,49 €","(3,31 €/KILO)"
Croquetas de cocido Al Punto Dia bolsa 350 g,"1,99 €","(5,69 €/KILO)"
Croquetas cremosas de jamón ibérico Al Punto Dia bolsa 350 g,"2,49 €","(7,11 €/KILO)"
Churros lazo Al Punto Dia bolsa 500 g,"1,49 €","(2,98 €/KILO)"
Porras fritas Al Punto Dia bolsa 250 g,"1,98 €","(7,92 €/KILO)"
Frutos rojos Congelados de Navarra bolsa 300 g,"1,62 €","(5,40 €/KILO)"
Fresas congeladas La cuerva bolsa 300 g,"1,68 €","(5,60 €/KILO)"
Tarta de queso con frambuesas Philadelphia caja 390 g,"7,35 €","(18,85 €/KILO)"
Brazo de chocolate Sietem bandeja 500 g,"6,99 €","(13,98 €/KILO)"
Tarta red velvet San Martín bandeja 625 g,"10,59 €","(16,94 €/KILO)"
Tarta de zanahoria San Martín bandeja 770 g,"10,59 €","(13,75 €/KILO)"
Tarta bombón San Martín bandeja 1 Kg,"10,95 €","(10,95 €/KILO)"
Tarta bombón infantil niño San Martín bandeja 500 g,"6,25 €","(12,50 €/KILO)"
Canelón de carne Al Punto Dia bolsa 300 g,"1,67 €","(5,57 €/KILO)"
Lasaña boloñesa Al Punto Dia caja 300 g,"1,67 €","(5,57 €/KILO)"
Canelón de atún Al Punto Dia caja 300 g,"1,67 €","(5,57 €/KILO)"
Lasaña de verdura Al Punto Dia bolsa 300 g,"1,67 €","(5,57 €/KILO)"
Canelones de foie y trufa Al Punto Dia caja 300 g,"2,49 €","(8,30 €/KILO)"
Canelones de cochinillo Al Punto Dia caja 300 g,"2,49 €","(8,30 €/KILO)"
Canelones de marisco Al Punto Dia caja 300 g,"2,49 €","(8,30 €/KILO)"
Lasaña boloñesa La cocinera caja 500 g,"4,99 €","(9,98 €/KILO)"
Agua mineral natural Dia garrafa 5 l,"0,65 €","(0,13 €/LITRO)"
Agua mineral natural Dia botella 1.5 l,"0,25 €","(0,17 €/LITRO)"
Agua mineral natural Bezoya botella 6 x 1.5 l,"4,44 €","(0,49 €/LITRO)"
Agua mineral con gas Dia botella 1.5 l,"0,41 €","(0,27 €/LITRO)"
Agua mineral natural Aquarel pack 6 x 1.5 l,"3,54 €","(0,39 €/LITRO)"
Agua mineral natural Aquabona pack 6 x 1.5 l,"3,90 €","(0,43 €/LITRO)"
Agua mineral natural Lanjarón pack 6 x 1.5 l,"4,02 €","(0,45 €/LITRO)"
Agua mineral natural Dia botella 50 cl,"0,22 €","(0,44 €/LITRO)"
Agua mineral natural Solán de Cabras botella 1.5 l,"0,87 €","(0,58 €/LITRO)"
Refresco de cola sabor original Coca-Cola botella 2 x 2 l,"3,90 €","(0,98 €/LITRO)"
Refresco de cola sabor original Coca-Cola lata 33 cl,"0,89 €","(2,70 €/LITRO)"
Refresco de cola zero Hola Cola de Dia botella 4 x 2 l,"2,80 €","(0,35 €/LITRO)"
Refresco de cola zero Hola Cola de Dia lata 12 x 33 cl,"3,84 €","(0,97 €/LITRO)"
Refresco de cola zero azúcar Coca-Cola botella 2 x 2 l,"3,90 €","(0,98 €/LITRO)"
Refresco de cola zero azúcar Coca-Cola lata 33 cl,"0,89 €","(2,70 €/LITRO)"
Refresco de cola Hola Cola de Dia botella 4 x 2 l,"3,20 €","(0,40 €/LITRO)"
Refresco de cola zero azúcar zero cafeína Coca-Cola lata 33 cl,"0,89 €","(2,70 €/LITRO)"
Refresco de cola zero azúcar Coca-Cola lata 12 x 33 cl,"10,44 €","(2,64 €/LITRO)"
Refresco de naranja Fanta lata 9 x 33 cl,"6,57 €","(2,21 €/LITRO)"
Refresco de naranja Fanta botella 2 x 2 l,"3,50 €","(0,88 €/LITRO)"
Refresco de naranja Upss Dia botella 1.5 l,"0,79 €","(0,53 €/LITRO)"
Refresco de naranja zero azúcares Fanta botella 2 l,"1,79 €","(0,90 €/LITRO)"
Refresco de naranja zero azúcares Fanta lata 33 cl,"0,75 €","(2,27 €/LITRO)"
Refresco de naranja Upss Dia lata 33 cl,"0,35 €","(1,06 €/LITRO)"
Refresco de naranja 8% zumo con gas zero Upss Dia botella 1.5 l,"0,75 €","(0,50 €/LITRO)"
Refresco de naranja zero Upss Dia lata 33 cl,"0,35 €","(1,06 €/LITRO)"
Refresco de naranja sin gas Upss Dia botella 1.5 l,"1,05 €","(0,70 €/LITRO)"
Refresco de limón Fanta botella 2 l,"1,79 €","(0,90 €/LITRO)"
Refresco de limón zero azúcares Fanta botella 2 l,"1,79 €","(0,90 €/LITRO)"
Refresco de limón 6% zumo con gas zero Upss Dia botella 1.5 l,"0,75 €","(0,50 €/LITRO)"
Refresco de limón 6% zumo con gas Upss Dia botella 1.5 l,"0,79 €","(0,53 €/LITRO)"
Refresco de lima limón zero Upss Dia botella 1.5 l,"0,75 €","(0,50 €/LITRO)"
Refresco de limón zero Upss Dia lata 33 cl,"0,35 €","(1,06 €/LITRO)"
Refresco de limón Fanta lata 33 cl,"0,75 €","(2,27 €/LITRO)"
Refresco de limón sin gas Upss Dia botella 1.5 l,"1,05 €","(0,70 €/LITRO)"
Refresco de lima-limón zero azúcares Seven up lata 33 cl,"0,59 €","(1,79 €/LITRO)"
Refresco de lima-limón Sprite lata 33 cl,"0,59 €","(1,79 €/LITRO)"
Refresco de té al limón Upss Dia botella 1.5 l,"0,95 €","(0,63 €/LITRO)"
Refresco de té al limón zero Upss Dia botella 1.5 l,"0,95 €","(0,63 €/LITRO)"
Refresco de té al melocotón zero Upss Dia Dia botella 1.5 l,"0,95 €","(0,63 €/LITRO)"
Refresco de té al limón Upss Dia lata 33 cl,"0,50 €","(1,52 €/LITRO)"
Refresco de té al limón Nestea botella 1.5 l,"1,99 €","(1,33 €/LITRO)"
Refresco de té sabor hierbabuena y limón zero Tetería de Dia botella 1.5 l,"0,95 €","(0,63 €/LITRO)"
Refresco de té de melocotón e hibisco Fuze tea botella 1.5 l,"1,60 €","(1,07 €/LITRO)"
Refresco de té al limón sin azúcar Nestea botella 1.5 l,"1,99 €","(1,33 €/LITRO)"
Refresco de té limón sabor original Fuze tea botella 1.5 l,"1,60 €","(1,07 €/LITRO)"
Refresco de té al limón Nestea lata 33 cl,"0,99 €","(3,00 €/LITRO)"
Tónica Toni Tónico de Dia lata 25 cl,"0,35 €","(1,40 €/LITRO)"
Tónica zero Toni Tónico de Dia lata 25 cl,"0,35 €","(1,40 €/LITRO)"
Tónica Schweppes botella 1 l,"1,90 €","(1,90 €/LITRO)"
Tónica premium bohemian aromatic berry sensation Royal Bliss lata 25 cl,"0,65 €","(2,60 €/LITRO)"
Tónica zero Schweppes lata 33 cl,"0,95 €","(2,88 €/LITRO)"
Tónica premium yuzu signature tonic water Royal Bliss lata 25 cl,"0,65 €","(2,60 €/LITRO)"
Tónica Nordic Mist lata 25 cl,"0,65 €","(2,60 €/LITRO)"
Tónica Toni Tónico de Dia botella 1.5 l,"0,95 €","(0,63 €/LITRO)"
Tónica rosa zero Schweppes lata 33 cl,"0,95 €","(2,88 €/LITRO)"
Tónica zero Schweppes botella 1 l,"1,90 €","(1,90 €/LITRO)"
Gaseosa cero Gaseosa Dia botella 1.5 l,"0,50 €","(0,33 €/LITRO)"
Gaseosa cero Gaseosa Dia botella 50 cl,"0,32 €","(0,64 €/LITRO)"
Gaseosa La Casera botella 1.5 l,"1,20 €","(0,80 €/LITRO)"
Gaseosa La Casera botella 50 cl,"0,85 €","(1,70 €/LITRO)"
Gaseosa Geiser botella 1.5 l,"1,75 €","(1,17 €/LITRO)"
Gaseosa en polvo edulcorado El tigre sobre 39 g,"0,85 €","(21,79 €/KILO)"
Bebida energética zero El diablo de Dia lata 250 ml,"0,40 €","(1,60 €/LITRO)"
Bebida energética El diablo de Dia lata 250 ml,"0,40 €","(1,60 €/LITRO)"
Bebida energética Red bull lata 250 ml,"1,59 €","(6,36 €/LITRO)"
Bebida energética mango loco Monster Energy lata 500 ml,"1,79 €","(3,58 €/LITRO)"
Bebida energética green zero Monster Energy lata 500 ml,"1,45 €","(2,90 €/LITRO)"
Bebida energética de guaraná El diablo de Dia lata 500 ml,"0,95 €","(1,90 €/LITRO)"
Bebida energética sabor mango El diablo de Dia lata 500 ml,"0,99 €","(1,98 €/LITRO)"
Bebida energética zero azúcar Lewis Hamilton Monster Energy lata 500 ml,"1,45 €","(2,90 €/LITRO)"
Bebida energética sin azúcar Red bull lata 250 ml,"1,59 €","(6,36 €/LITRO)"
Bebida refrescante de limón Aquarius botella 2 x 1.5 l,"3,85 €","(1,28 €/LITRO)"
Bebida refrescante de limón zero azúcar Aquarius botella 1.5 l,"1,99 €","(1,33 €/LITRO)"
Bebida refrescante aromatizada cítrico Get move de Dia botella 1.5 l,"0,95 €","(0,63 €/LITRO)"
Bebida refrescante aromatizada cítrico zero Get move de Dia botella 1.5 l,"0,95 €","(0,63 €/LITRO)"
Bebida refrescante aromatizada naranja Get move de Dia botella 1.5 l,"0,95 €","(0,63 €/LITRO)"
Bebida refrescante de limón Aquarius lata 9 x 33 cl,"7,69 €","(2,59 €/LITRO)"
Bebida refrescante aromatizada azul Get move de Dia botella 500 ml,"0,60 €","(1,20 €/LITRO)"
Bebida refrescante de limón Aquarius botella 1.5 l,"1,99 €","(1,33 €/LITRO)"
Bebida refrescante de naranja Aquarius botella 1.5 l,"1,99 €","(1,33 €/LITRO)"
Bebida de frutas con leche tropical Zumosfera de Dia brik 6 x 200 ml,"1,25 €","(1,04 €/LITRO)"
Zumo tropical sin azúcares añadidos Zumosfera de Dia brik 1 l,"0,79 €","(0,79 €/LITRO)"
"Zumo de piña, manzana y uva 100% Zumosfera de Dia brik 6 x 200 ml","1,40 €","(1,17 €/LITRO)"
Zumo de piña sin azúcares añadidos Zumosfera de Dia brik 1 l,"0,89 €","(0,89 €/LITRO)"
Zumo de naranja sin azúcares añadidos Zumosfera de Dia brik 1 l,"0,99 €","(0,99 €/LITRO)"
Zumo de melocotón sin azúcares añadidos Zumosfera de Dia brik 1 l,"0,99 €","(0,99 €/LITRO)"
Zumo de naranja 100% con pulpa Zumosfera de Dia brik 1 l,"1,75 €","(1,75 €/LITRO)"
Zumo de naranja 100% sin pulpa Zumosfera de Dia brik 1 l,"1,75 €","(1,75 €/LITRO)"
Bebida con leche tropical Pascual Bifrutas brik 6 x 20 cl,"2,39 €","(1,99 €/LITRO)"
Zumo de melocotón y uva Zumosfera de Dia brik 6 x 200 ml,"1,50 €","(1,25 €/LITRO)"
Refresco sin gas de naranja y zanahoria Upss Dia botella 1.5 l,"1,09 €","(0,73 €/LITRO)"
Refresco sin gas de manzana Upss Dia botella 1.5 l,"1,05 €","(0,70 €/LITRO)"
Refresco de naranja sin gas Upss Dia botella 1.5 l,"1,05 €","(0,70 €/LITRO)"
Bitter Bobby Bitter de Dia lata 25 cl,"0,55 €","(2,20 €/LITRO)"
Refresco de limón sin gas Upss Dia botella 1.5 l,"1,05 €","(0,70 €/LITRO)"
Refresco en polvo sabor tropical Tang bolsa 30 g,"0,83 €","(27,67 €/KILO)"
Bitter Kas lata 33 cl,"0,99 €","(3,00 €/LITRO)"
Bebida de kombucha con jengibre y limón Komvida botella 250 ml,"2,59 €","(10,36 €/LITRO)"
Bebida de kombucha con limón y jengibre Upss Dia botella 250 ml,"1,79 €","(7,16 €/LITRO)"
Bebida de kombucha con mango Komvida botella 250 ml,"2,59 €","(10,36 €/LITRO)"
Cerveza lager Ramblers de Dia lata 24 x 33 cl,"7,44 €","(0,94 €/LITRO)"
Cerveza Mahou 5 Estrellas lata 12 x 33 cl,"9,99 €","(2,52 €/LITRO)"
Cerveza especial Ramblers de Dia pack 12 x 33 cl,"4,08 €","(1,03 €/LITRO)"
Cerveza clásica Mahou lata 12 x 33 cl,"8,64 €","(2,18 €/LITRO)"
Cerveza lager Ramblers de Dia lata 33 cl,"0,31 €","(0,94 €/LITRO)"
Cerveza especial Alhambra botella 6 x 25 cl,"3,99 €","(2,66 €/LITRO)"
Cerveza lager Ramblers de Dia botella 6 x 25 cl,"1,98 €","(1,32 €/LITRO)"
Cerveza Heineken lata 33 cl,"0,85 €","(2,58 €/LITRO)"
Cerveza lager Ramblers de Dia lata 12 x 33 cl,"3,72 €","(0,94 €/LITRO)"
Cerveza de trigo weissbier Ramblers de Dia lata 50 cl,"0,79 €","(1,58 €/LITRO)"
Cerveza muy suave Ramblers de Dia botella 33 cl,"0,69 €","(2,09 €/LITRO)"
Cerveza reserva 1925 Alhambra botella 6 x 225 ml,"5,99 €","(4,44 €/LITRO)"
Cerveza doble malta Ramblers de Dia lata 33 cl,"0,53 €","(1,61 €/LITRO)"
Cerveza tostada Ramblers de Dia lata 33 cl,"0,50 €","(1,52 €/LITRO)"
Cerveza reserva especial 1906 botella 6 x 33 cl,"6,59 €","(3,33 €/LITRO)"
Cerveza reserva 1925 Alhambra botella 4 x 33 cl,"5,89 €","(4,46 €/LITRO)"
Cerveza Franziskaner botella 50 cl,"1,78 €","(3,56 €/LITRO)"
Cerveza doble malta Voll Damm lata 33 cl,"0,99 €","(3,00 €/LITRO)"
Cerveza especial 18/70 La rubia botella 33 cl,"1,17 €","(3,55 €/LITRO)"
Cerveza radler con zumo de limón Ramblers de Dia lata 33 cl,"0,40 €","(1,21 €/LITRO)"
Cerveza sabor limón shandy sin alcohol Ramblers de Dia lata 33 cl,"0,33 €","(1,00 €/LITRO)"
Cerveza radler con limón Amstel lata 12 x 33 cl,"8,99 €","(2,27 €/LITRO)"
"Cerveza radler con limón 0,0% alcohol San Miguel lata 33 cl","0,70 €","(2,12 €/LITRO)"
Cerveza con limón Shandy botella 6 x 25 cl,"3,19 €","(2,13 €/LITRO)"
Cerveza radler con zumo de limón Ramblers de Dia pack 12 x 33 cl,"4,80 €","(1,21 €/LITRO)"
Cerveza sabor limón shandy sin alcohol Ramblers de Dia pack 12 x 33 cl,"3,96 €","(1,00 €/LITRO)"
Cerveza radler con limón Amstel lata 33 cl,"0,79 €","(2,39 €/LITRO)"
Cerveza con limón Mahou Mixta botella 6 x 25 cl,"3,79 €","(2,53 €/LITRO)"
"Cerveza 0,0% alcohol Ramblers de Dia pack 12 x 33 cl","4,20 €","(1,06 €/LITRO)"
"Cerveza tostada 0,0% alcohol Mahou lata 33 cl","0,85 €","(2,58 €/LITRO)"
"Cerveza 0,0% alcohol Ramblers de Dia lata 33 cl","0,35 €","(1,06 €/LITRO)"
"Cerveza tostada 0,0% alcohol Ramblers de Dia pack 12 x 33 cl","5,52 €","(1,39 €/LITRO)"
"Cerveza tostada 0,0% alcohol Mahou lata 12 x 33 cl","9,49 €","(2,40 €/LITRO)"
"Cerveza 0,0% alcohol Heineken lata 33 cl","0,69 €","(2,09 €/LITRO)"
Cerveza sin alcohol Mahou botella 6 x 25 cl,"2,89 €","(1,93 €/LITRO)"
"Cerveza tostada 0,0% alcohol Ramblers de Dia lata 33 cl","0,46 €","(1,39 €/LITRO)"
"Cerveza tostada 0,0% alcohol Mahou botella 6 x 25 cl","4,29 €","(2,86 €/LITRO)"
Tinto de verano con limón Dia botella 1.5 l,"1,00 €","(0,67 €/LITRO)"
Tinto de verano sin alcohol con limón Dia botella 1.5 l,"0,90 €","(0,60 €/LITRO)"
Tinto de verano clásico Dia botella 1.5 l,"1,05 €","(0,70 €/LITRO)"
Tinto de verano limón Don Simón botella 1.5 l,"1,85 €","(1,23 €/LITRO)"
Tinto de verano limón La Casera botella 1.5 l,"2,29 €","(1,53 €/LITRO)"
Sangría Dia botella 1.5 l,"1,60 €","(1,07 €/LITRO)"
Sangría Don Simón botella 1.5 l,"2,09 €","(1,39 €/LITRO)"
Tinto de verano La Casera botella 1.5 l,"2,29 €","(1,53 €/LITRO)"
Vino tinto joven D.O. Valdepeñas Viña Danza botella 75 cl,"1,79 €","(2,39 €/LITRO)"
Vino tinto cabernet sauvignon IGP Señorío de Ayerbe botella 75 cl,"2,90 €","(3,87 €/LITRO)"
Vino tinto Castillo de Velasco brik 1 l,"1,05 €","(1,05 €/LITRO)"
Vino tinto roble D.O. Toro Campo curero botella 75 cl,"2,99 €","(3,99 €/LITRO)"
Vino tinto crianza D.O. Valdepeñas Viña Danza botella 75 cl,"2,19 €","(2,92 €/LITRO)"
Vino tinto ecológico D.O. Jumilla Sismicus botella 75 cl,"2,99 €","(3,99 €/LITRO)"
Vino tinto reserva D.O. Valdepeñas Viña Danza botella 75 cl,"2,02 €","(2,69 €/LITRO)"
Vino tinto viñas viejas D.O Toro Campo curero botella 75 cl,"4,99 €","(6,65 €/LITRO)"
Vino tinto joven D.O. Jumilla Sismicus botella 75 cl,"1,99 €","(2,65 €/LITRO)"
Vino blanco D.O. Valdepeñas Viña Danza botella 75 cl,"1,69 €","(2,25 €/LITRO)"
Vino blanco sauvignon D.O. Rueda Rioseco botella 75 cl,"4,49 €","(5,99 €/LITRO)"
Vino blanco D.O. Ribeiro Mourama botella 75 cl,"5,49 €","(7,32 €/LITRO)"
Vino blanco godello D.O. Monterrei Mourama botella 75 cl,"6,49 €","(8,65 €/LITRO)"
Vino blanco Castillo de Velasco brik 1 l,"1,05 €","(1,05 €/LITRO)"
Vino blanco verdejo viura D.O. Rueda Vega del Báron botella 75 cl,"1,90 €","(2,53 €/LITRO)"
Vino blanco verdejo frizzante Condominium botella 75 cl,"2,35 €","(3,13 €/LITRO)"
Vino blanco suave y afrutado Oceanus botella 75 cl,"1,95 €","(2,60 €/LITRO)"
Vino blanco Don Simón brik 3 x 18.7 cl,"1,50 €","(2,67 €/LITRO)"
Sidra espumosa Sidrallero botella 75 cl,"1,60 €","(2,13 €/LITRO)"
Cava brut Grand astoria botella 75 cl,"2,95 €","(3,93 €/LITRO)"
Sidra de manzana Ladrón de manzanas botella 25 cl,"1,19 €","(4,76 €/LITRO)"
Cava brut nature Jaume Serra botella 75 cl,"3,75 €","(5,00 €/LITRO)"
Cava semiseco Freixenet Carta Nevada botella 75 cl,"6,95 €","(9,27 €/LITRO)"
Cava brut nature Grand astoria botella 75 cl,"3,95 €","(5,27 €/LITRO)"
Sidra extra El gaitero botella 75 cl,"3,30 €","(4,40 €/LITRO)"
Sidra El gaitero botella 75 cl,"2,55 €","(3,40 €/LITRO)"
Cava reserva brut nature Grand astoria botella 75 cl,"4,45 €","(5,93 €/LITRO)"
Vino rosado lambrusco Dante botella 75 cl,"2,15 €","(2,87 €/LITRO)"
"Vino frizzante moscato rosado 5,5º Condominium botella 75 cl","2,99 €","(3,99 €/LITRO)"
Vino rosado de aguja Peñascal botella 75 cl,"3,85 €","(5,13 €/LITRO)"
Vino rosado D.O. Valdepeñas Viña Danza botella 75 cl,"1,69 €","(2,25 €/LITRO)"
Vino rosado Castillo de Velasco brik 1 l,"1,19 €","(1,19 €/LITRO)"
Vino rosado D.O. Navarra Viña Ardanche botella 75 cl,"2,10 €","(2,80 €/LITRO)"
Vino rosado D.O. Rioja Castillo de Haro botella 75 cl,"2,44 €","(3,25 €/LITRO)"
Vino rosado D.O. Rioja Señorío de Ondas botella 75 cl,"2,59 €","(3,45 €/LITRO)"
Vino rosado D.O. Rioja El coto botella 75 cl,"4,15 €","(5,53 €/LITRO)"
Ginebra Seagram's botella 70 cl,"16,45 €","(23,50 €/LITRO)"
Ginebra sabor fresa Barmon's botella 70 cl,"7,15 €","(10,21 €/LITRO)"
Ginebra Barmon's botella 70 cl,"5,99 €","(8,56 €/LITRO)"
Ginebra Larios botella 1 l,"12,99 €","(12,99 €/LITRO)"
Vodka cinco destilaciones Mikanoff botella 1 l,"6,70 €","(6,70 €/LITRO)"
Ginebra london dry Beefeater botella 70 cl,"13,49 €","(19,27 €/LITRO)"
Ginebra London dry Tanqueray botella 70 cl,"17,49 €","(24,99 €/LITRO)"
Vodka Absolut botella 70 cl,"14,99 €","(21,41 €/LITRO)"
Ginebra sabor fresa Puerto de Indias botella 70 cl,"16,45 €","(23,50 €/LITRO)"
Ginebra premium Larios 12 botella 70 cl,"14,09 €","(20,13 €/LITRO)"
Whisky Ballantines botella 70 cl,"12,95 €","(18,50 €/LITRO)"
Ron añejo Velero botella 70 cl,"5,95 €","(8,50 €/LITRO)"
Ron añejo Brugal botella 70 cl,"15,79 €","(22,56 €/LITRO)"
Whisky escocés 3 años Douregal botella 70 cl,"6,00 €","(8,57 €/LITRO)"
Whisky Burned Barrel botella 70 cl,"5,99 €","(8,56 €/LITRO)"
Whisky tenessee Jack Daniel's botella 70 cl,"23,25 €","(33,21 €/LITRO)"
Whisky J&b botella 70 cl,"13,49 €","(19,27 €/LITRO)"
Whisky Dyc botella 1 l,"15,29 €","(15,29 €/LITRO)"
Ron añejo Negrita botella 50 cl,"6,99 €","(13,98 €/LITRO)"
Vermouth rosso Alvini botella 1 l,"2,69 €","(2,69 €/LITRO)"
Vermouth reserva Topaz botella 75 cl,"2,70 €","(3,60 €/LITRO)"
Vermouth blanco Alvini botella 1 l,"2,69 €","(2,69 €/LITRO)"
Vermouth rosso Martini botella 1 l,"10,69 €","(10,69 €/LITRO)"
Vermouth rojo Martini botella 1.5 l,"13,69 €","(9,13 €/LITRO)"
Vermouth rojo Yzaguirre botella 1 l,"8,15 €","(8,15 €/LITRO)"
Vermouth bianco Martini botella 1 l,"10,69 €","(10,69 €/LITRO)"
Vermouth rojo tempranillo 61 botella 75 cl,"6,99 €","(9,32 €/LITRO)"
Vermouth rojo Zarro botella 1 l,"5,79 €","(5,79 €/LITRO)"
Vermouth blanco verdejo 61 botella 75 cl,"8,99 €","(11,99 €/LITRO)"
Licor de crema whisky Castle loan botella 70 cl,"5,75 €","(8,21 €/LITRO)"
Licor de crema de orujo 17º Mourama botella 70 cl,"6,49 €","(9,27 €/LITRO)"
Licor de crema whisky original Baileys botella 70 cl,"15,49 €","(22,13 €/LITRO)"
Licor de anís dulce Del mono botella 70 cl,"7,85 €","(11,21 €/LITRO)"
Crema de limoncello 16º Alvini botella 50 cl,"4,99 €","(9,98 €/LITRO)"
Licor de limoncello 25º Alvini botella 50 cl,"4,89 €","(9,78 €/LITRO)"
Licor de café 30º Mourama botella 70 cl,"6,49 €","(9,27 €/LITRO)"
Licor de hierbas Ruavieja botella 70 cl,"10,29 €","(14,70 €/LITRO)"
Licor de hierbas 30º Mourama botella 70 cl,"5,99 €","(8,56 €/LITRO)"
Licor de crema de orujo Ruavieja botella 70 cl,"13,19 €","(18,84 €/LITRO)"
Bebida espirituosa tipo brandy Gladiador botella 1 l,"5,99 €","(5,99 €/LITRO)"
Brandy de Jerez solera Gladiador botella 70 cl,"6,79 €","(9,70 €/LITRO)"
Brandy Veterano botella 1 l,"8,89 €","(8,89 €/LITRO)"
Brandy Centenario botella 1 l,"9,49 €","(9,49 €/LITRO)"
Brandy de Jerez solera reserva Magno botella 70 cl,"11,39 €","(16,27 €/LITRO)"
Brandy de Jerez Soberano botella 70 cl,"7,99 €","(11,41 €/LITRO)"
Brandy 5 solera reserva Torres botella 70 cl,"10,50 €","(15,00 €/LITRO)"
Brandy de Jerez sherry cask Fundador botella 70 cl,"8,99 €","(12,84 €/LITRO)"
Brandy de Jerez solera gran reserva Alma de magno botella 70 cl,"15,99 €","(22,84 €/LITRO)"
