name,brand,weight,price,Super
Sal marina yodada Coaliment 1 kg,Coaliment,1 kg,"0,41 €",Sedovin
Cuchara de postre de plástico reciclable blanca 12.5 cm Maxi Products 24 ud,Maxi,12.5 cm,"0,52 €",Sedovin
Avena integral Gourmet 500 g,Gourmet,500 g,"0,53 €",Sedovin
Sal marina fina Coaliment 1 kg,Coaliment,1 kg,"0,54 €",Sedovin
Zanahoria 500 g,No brand found,500 g,"0,61 €",Sedovin
Pan rallado con ajo y perejil Coaliment 250 g,Coaliment,250 g,"0,62 €",Sedovin
Pan rallado Gallo 500 g,Gallo,500 g,"0,70 €",Sedovin
Obleas para helado Dicar 20 ud,Dicar,20 ud,"0,75 €",Sedovin
Bolsas para cubitos de hielo Cubifix 10 ud,Cubifix,10 ud,"0,86 €",Sedovin
Servilleta de papel reciclado doble capa biodegradable 25x25 cm Honest Green 50 ud,Honest,25x,"0,86 €",Sedovin
Tomillo en hoja Coaliment 18 g,Coaliment,18 g,"0,88 €",Sedovin
Plato desechable llano redondo compostable 23 cm Honest Green 10 ud,Honest,23 cm,"0,90 €",Sedovin
Salchichas de Frankfurt Campofrío 140 g,Frankfurt,140 g,"0,92 €",Sedovin
Sal gruesa Sal Costa 1 kg,Sal Sal Costa,1 kg,"0,94 €",Sedovin
Tomate triturado extra Coaliment 390 g,Coaliment,390 g,"0,95 €",Sedovin
Pasta Gallo marisco 250 g,Gallo,250 g,"0,96 €",Sedovin
Fideos finos nº0 Romero 500 g,Romero,0 Romero,"0,96 €",Sedovin
Canela molida Coaliment 40 g,Coaliment,40 g,"0,96 €",Sedovin
Sopa de letras Gallo 250 g,Gallo,250 g,"0,98 €",Sedovin
Sopa de letras Romero 500 g,Romero,500 g,"0,99 €",Sedovin
Fideos medianos nº4 Romero 500 g,Romero,4 Romero,"0,99 €",Sedovin
Spaghettis Romero 500 g,Romero,500 g,"0,99 €",Sedovin
Sal marina con yodo Sal Costa 1 kg,Sal Sal Costa,1 kg,"1,00 €",Sedovin
Sobres de azúcar Gourmet 50x7g,Gourmet,50x,"1,03 €",Sedovin
Sopa de pollo con maravilla Gallina Blanca 85 g,Gallina Blanca,85 g,"1,03 €",Sedovin
Sopa de ave con fideos Gallina Blanca 76 g,Gallina Blanca,76 g,"1,03 €",Sedovin
Pastillas de caldo de carne Knorr 8 ud,Knorr,8 ud,"1,03 €",Sedovin
Tomate frito extra Sabor de Rioja lata 390 g,Sabor Rioja,390 g,"1,05 €",Sedovin
Zanahoria rallada Coaliment 345 g,Coaliment,345 g,"1,05 €",Sedovin
Gaseosa El Tigre caja 8 sobres 39 g,El Tigre,8 sobres,"1,05 €",Sedovin
Pringles original 40 g,No brand found,40 g,"1,06 €",Sedovin
Tila Pompadour 10 bolsitas,Pompadour,10 bolsitas,"1,07 €",Sedovin
Palomitas Popitas al punto de sal 100 g,Popitas,100 g,"1,08 €",Sedovin
Pan de hamburguesa Coaliment maxi burger 4x75 g,Coaliment,4x,"1,09 €",Sedovin
Sémola de trigo Gallo 250 g,No brand found,250 g,"1,10 €",Sedovin
Apio rallado Coaliment 345 g,Coaliment,345 g,"1,11 €",Sedovin
Manzanilla Pompadour 10 bolsitas,Pompadour,10 bolsitas,"1,11 €",Sedovin
Pimienta de cayena en rama Coaliment 15 g,Coaliment,15 g,"1,12 €",Sedovin
Perejil en hoja Coaliment 10 g,Coaliment,10 g,"1,12 €",Sedovin
Orégano en hoja Coaliment 11 g,No brand found,11 g,"1,12 €",Sedovin
Hierbas provenzales Coaliment 15 g,Coaliment,15 g,"1,12 €",Sedovin
Colorante alimentario Coaliment 55 g,Coaliment,55 g,"1,12 €",Sedovin
Canela en rama Coaliment 3 ud,Coaliment,3 ud,"1,12 €",Sedovin
Poleo menta Pompadour 10 bolsitas,Pompadour,10 bolsitas,"1,12 €",Sedovin
Pimentón dulce Coaliment 45 g,No brand found,45 g,"1,14 €",Sedovin
Pimentón picante Coaliment 45 g,No brand found,45 g,"1,14 €",Sedovin
Té Coaliment 25 bolsitas,No brand found,25 bolsitas,"1,16 €",Sedovin
Manzanilla Coaliment 25 bolsitas,Coaliment,25 bolsitas,"1,16 €",Sedovin
Biscotes mini Coaliment 120 g,Coaliment,120 g,"1,16 €",Sedovin
Vinagre de vino tinto Coaliment 1 litro,Coaliment,1 litro,"1,16 €",Sedovin
Plumas con tomate y espinacas Gallo Ensaladas 250 g,Gallo Ensaladas,250 g,"1,18 €",Sedovin
Hélices con tomate y espinacas Gallo Ensaladas 250 g,Ensaladas,250 g,"1,18 €",Sedovin
Chocolate negro Nestle Dolca 100 g,Nestle Dolca,100 g,"1,20 €",Sedovin
Galletas cookies chocolate negro Coaliment 125 g,Coaliment,125 g,"1,23 €",Sedovin
Ajo molido Coaliment 55 g,Coaliment,55 g,"1,24 €",Sedovin
Vinagre de manzana Coaliment 1 litro,Coaliment,1 litro,"1,24 €",Sedovin
Espinacas Maheso 400 g,Maheso,400 g,"1,24 €",Sedovin
Pastas de almendras sin azúcar Lapasion 165 g,Lapasion,165 g,"1,25 €",Sedovin
Té negro Pompadour Classic Breakfast 10 bolsitas,Classic Breakfast,10 bolsitas,"1,27 €",Sedovin
Rosquillas fritas Lapasion 190 g,Lapasion,190 g,"1,28 €",Sedovin
Azúcar blanco Azucarera 1 kg,No brand found,1 kg,"1,28 €",Sedovin
Pan de molde Coaliment 500 g,Coaliment,500 g,"1,28 €",Sedovin
Remolacha rallada Coaliment 345 g,Coaliment,345 g,"1,30 €",Sedovin
Palillos redondos de madera Coaliment 550 ud,Coaliment,550 ud,"1,31 €",Sedovin
Cappuccino 100% Arábica Pascual Mocay vaso 200 ml,Pascual Mocay,200 ml,"1,31 €",Sedovin
Caffe Latte 100% Arábica Pascual Mocay vaso 200 ml,Latte Pascual Mocay,200 ml,"1,31 €",Sedovin
Bolsas de congelación medianas Congelafix 30 ud,Congelafix,30 ud,"1,33 €",Sedovin
Sardinas en escabeche Calvo 120 g,Calvo,120 g,"1,34 €",Sedovin
Macarrones pluma Ecológicos integrales nº4 Romero 500 g,Romero,4 Romero,"1,34 €",Sedovin
Tomate y aceite de oliva virgen extra Iberitos 4x22 g,Iberitos,4x,"1,35 €",Sedovin
Lazos fibra sin azúcar Lapasion 140 g,Lapasion,140 g,"1,36 €",Sedovin
Paté de finas hierbas Casa Tarradellas 125 g,Tarradellas,125 g,"1,39 €",Sedovin
Paté de campaña Casa Tarradellas 125 g,Tarradellas,125 g,"1,39 €",Sedovin
Aceitunas negras con hueso Coaliment 350 g,Coaliment,350 g,"1,43 €",Sedovin
Jengibre molido Carmencita 25 g,Carmencita,25 g,"1,44 €",Sedovin
Palmeritas de hojaldre Lapasion 200 g,Lapasion,200 g,"1,46 €",Sedovin
Servilleta de papel doble capa biodegradable 40x40 cm Honest Green 50 ud,Honest,40x,"1,46 €",Sedovin
Picos de membrillo Helios 170 g,Helios,170 g,"1,47 €",Sedovin
Acelgas al natural extra Sabor de Rioja 660 g,Sabor Rioja,660 g,"1,47 €",Sedovin
Azúcar moreno en sobres Azucarera 50x6 g,No brand found,50x,"1,49 €",Sedovin
Café soluble Nescafé natural 10 sobres,No brand found,10 sobres,"1,52 €",Sedovin
Paté de pimienta Casa Tarradellas 125 g,Tarradellas,125 g,"1,52 €",Sedovin
Canelones El Pavo 20 placas,El Pavo,20 placas,"1,52 €",Sedovin
Macarrones plumas nº 3 Gallo 500 g,Gallo,3 Gallo,"1,53 €",Sedovin
Sal fina de mesa Carmencita 200 g,Carmencita,200 g,"1,54 €",Sedovin
Papel de horno Hornofix rollo 10 m,Hornofix,10 m,"1,55 €",Sedovin
Hummus de garbanzos Iberitos 4x23 g,Iberitos,4x,"1,55 €",Sedovin
Paté de jamón curado Iberitos 4x23 g,No brand found,4x,"1,55 €",Sedovin
Paté de jamón york Iberitos 4x23 g,No brand found,4x,"1,55 €",Sedovin
Paté de sobrasada Iberitos 4x23 g,No brand found,4x,"1,55 €",Sedovin
Pepinillos en vinagre Coaliment 345 g,Coaliment,345 g,"1,55 €",Sedovin
Edulcorante en pastillas Coaliment 650 comprimidos,Coaliment,650 comprimidos,"1,56 €",Sedovin
Queso en polvo El Caserío Especial Pasta 80 g,El Especial Pasta,80 g,"1,59 €",Sedovin
Queso rallado en filatto El Caserio Especial Pasta 80 g,El Caserio Especial Pasta,80 g,"1,59 €",Sedovin
Galletas Gullón Tostada original 400 g,Tostada,400 g,"1,61 €",Sedovin
Maíz dulce Joyas del Valle 300 g,Valle,300 g,"1,61 €",Sedovin
Sal marina fina Costa salero 250 g,Costa,250 g,"1,62 €",Sedovin
Guisantes cocidos muy finos Sabor de Rioja 345 g,Sabor Rioja,345 g,"1,62 €",Sedovin
Pan tostado Coaliment 270 g,Coaliment,270 g,"1,62 €",Sedovin
Patatas fritas chips Coaliment 150 g,Coaliment,150 g,"1,62 €",Sedovin
Calamares en su tinta trozos Coaliment 115 g,Coaliment,115 g,"1,63 €",Sedovin
Queso fundido El Caserío 8 lonchas,El,8 lonchas,"1,63 €",Sedovin
Crema de jamón York con queso Iberitos 4x23 g,York Iberitos,4x,"1,64 €",Sedovin
Paté ibérico Iberitos 4x23 g,No brand found,4x,"1,64 €",Sedovin
Paté de sardina Iberitos 4x23 g,No brand found,4x,"1,64 €",Sedovin
Paté de salmón ahumado Iberitos 4x23 g,No brand found,4x,"1,64 €",Sedovin
Paté de atún Iberitos 4x23 g,No brand found,4x,"1,64 €",Sedovin
Vaso de cartón desechable 120 ml Honest Green 50 ud,Honest,120 ml,"1,65 €",Sedovin
Café soluble descafeinado Nescafé 10 sobres,No brand found,10 sobres,"1,65 €",Sedovin
Pan tostado integral Coaliment 270 g,Coaliment,270 g,"1,65 €",Sedovin
Ajo blanco bolsa 4 cabezas,No brand found,4 cabezas,"1,66 €",Sedovin
Flan Royal 4 raciones,Royal,4 raciones,"1,67 €",Sedovin
Salchichas Oscar Mayer Wieners Classic 200 g,Oscar Mayer Wieners Classic,200 g,"1,68 €",Sedovin
Lentejas extra Sabor de Rioja 660 g,Sabor Rioja,660 g,"1,68 €",Sedovin
Pimienta negra en grano Coaliment 45 g,Coaliment,45 g,"1,69 €",Sedovin
Paté de salmón Casa Tarradellas 125 g,Tarradellas,125 g,"1,69 €",Sedovin
Paté de atún Casa Tarradellas 125 g,Tarradellas,125 g,"1,69 €",Sedovin
Cebolla para guisar bolsa 1 kg,No brand found,1 kg,"1,70 €",Sedovin
Chocolate blanco Milka tableta 100 g,Milka,100 g,"1,72 €",Sedovin
Servilletas de papel doble capa Foxy Trapuntati 38.5x37 cm 50 ud,Foxy Trapuntati,38.5x,"1,73 €",Sedovin
Pasta Maravilla Gallo 450 g,Maravilla Gallo,450 g,"1,74 €",Sedovin
Papel de horno anti-adherente Hornofix 20 hojas,Hornofix,20 hojas,"1,74 €",Sedovin
Queso en lonchas mezcla semicurado Villacorona 100 g,Villacorona,100 g,"1,74 €",Sedovin
Cacahuetes fritos salados sin piel Coaliment 250 g,Coaliment,250 g,"1,75 €",Sedovin
Champiñones laminados Coaliment 355 g,No brand found,355 g,"1,76 €",Sedovin
Laurel en hojas Carmencita 8 g,Carmencita,8 g,"1,78 €",Sedovin
Chocolate negro sin azúcar Coaliment tableta 100 g,Coaliment,100 g,"1,78 €",Sedovin
Azúcar blanco en sobres Azucarera 50x6 g,No brand found,50x,"1,78 €",Sedovin
Judías verdes al natural Sabor de Rioja 660 g,Rioja,660 g,"1,78 €",Sedovin
Cebolla dulce bolsa 1 kg,No brand found,1 kg,"1,79 €",Sedovin
Espaguetis ecológicos Ecolecera 500 g,Ecolecera,500 g,"1,81 €",Sedovin
Macarrones ecológicos Ecolecera 500 g,Ecolecera,500 g,"1,81 €",Sedovin
Alubias blancas extra Sabor de Rioja 660 g,Sabor Rioja,660 g,"1,84 €",Sedovin
Espinacas al natural Sabor de Rioja 660 g,Sabor Rioja,660 g,"1,84 €",Sedovin
Margarina sin lactosa Artua 250 g,Artua,250 g,"1,86 €",Sedovin
Pimienta negra molida Coaliment 45 g,Coaliment,45 g,"1,87 €",Sedovin
Champiñón entero bandeja aprox. 300 g,No brand found,300 g,"1,88 €",Sedovin
Snack sabor queso Cheetos Pelotazos bolsa 130 g,Cheetos Pelotazos,130 g,"1,88 €",Sedovin
Churros artesanos Maheso 500 g,Maheso,500 g,"1,88 €",Sedovin
Patatas fritas Lay's al punto de sal bolsa 160 g,Lay,160 g,"1,88 €",Sedovin
Caldo de pollo Avecrem 12 pastillas + 3 gratis,Avecrem,12 pastillas,"1,88 €",Sedovin
Fideuá Gallo 450 g,No brand found,450 g,"1,89 €",Sedovin
Borraja Sabor de Rioja 660 g,Sabor Rioja,660 g,"1,89 €",Sedovin
Garbanzos extra Sabor de Rioja 660 g,Sabor Rioja,660 g,"1,93 €",Sedovin
Chocolate negro 72% cacao sin azúcar Coaliment tableta 100 g,Coaliment,100 g,"1,94 €",Sedovin
Chocolate con leche sin azúcar Coaliment tableta 100 g,Coaliment,100 g,"1,94 €",Sedovin
Bicarbonato Sal Costa 200 g,Sal Costa,200 g,"1,94 €",Sedovin
Galletas saladas mini crackers Coaliment 350 g,Coaliment,350 g,"1,94 €",Sedovin
Tomate triturado Orlando 400 g,Orlando,400 g,"1,94 €",Sedovin
Mezcla de setas Coaliment 290 g,Coaliment,290 g,"1,94 €",Sedovin
Fideos ecológicos Ecolecera 500 g,Ecolecera,500 g,"1,95 €",Sedovin
Borraja ecológica de Navarra extra Dantza 660 g,Navarra Dantza,660 g,"1,96 €",Sedovin
Acelga ecológica de Navarra extra Dantza 660 g,Navarra Dantza,660 g,"1,96 €",Sedovin
Morcilla de arroz Embutidos Burgos 320 g,Embutidos Burgos,320 g,"1,96 €",Sedovin
Chocolate con leche Nestle Extrafino 125 g,Nestle Extrafino,125 g,"1,96 €",Sedovin
Vasos desechables de cartón Maxi Products 200 ml 50 ud,Maxi Products,200 ml,"1,96 €",Sedovin
Aceite de girasol Coaliment 1 litro,Coaliment,1 litro,"1,98 €",Sedovin
Snack de maíz sabor tex-mex Doritos bolsa 140 g,Doritos,140 g,"1,98 €",Sedovin
Patatas fritas Ruffles Jamón bolsa 150 g,Ruffles,150 g,"1,98 €",Sedovin
Sardinas en aceite girasol Calvo 120 g,Calvo,120 g,"1,98 €",Sedovin
Macedonia de verduras de Navarra Dantza 660 g,Navarra Dantza,660 g,"2,00 €",Sedovin
Alubias rojas Sabor de Rioja 660 g,Sabor Rioja,660 g,"2,00 €",Sedovin
Harina de trigo Gallo 1kg,Gallo,1kg,"2,01 €",Sedovin
Chorizo ibérico extra Ibedul loncheado 100 g,Ibedul,100 g,"2,04 €",Sedovin
Chocolate con leche Milka tableta 125 g,Milka,125 g,"2,04 €",Sedovin
Pimiento verde italiano extra 1 kg,No brand found,1 kg,"2,04 €",Sedovin
Paté de hígado de cerdo Mina 3x80 g,No brand found,3x,"2,05 €",Sedovin
Cortezas de trigo Boca Bits Lay's 84 g,Boca Bits Lay,84 g,"2,05 €",Sedovin
Sal rosa fina del Himalaya Saboreco 1 kg,Himalaya Saboreco,1 kg,"2,08 €",Sedovin
Kétchup Prima 290 g,No brand found,290 g,"2,11 €",Sedovin
Tomate triturado Celorrio 800 g,Celorrio,800 g,"2,11 €",Sedovin
Fideos orientales Yatekomo sabor oriental Gallina Blanca 61 g,Yatekomo Gallina Blanca,61 g,"2,12 €",Sedovin
Fideos orientales Yatekomo sabor pollo Gallina Blanca 60 g,Yatekomo Gallina Blanca,60 g,"2,12 €",Sedovin
Fideos orientales con verduras Yatekomo Gallina Blanca 59 g,Yatekomo Gallina Blanca,59 g,"2,12 €",Sedovin
Pimienta blanca molida Coaliment 45 g,Coaliment,45 g,"2,12 €",Sedovin
Alubias blancas extra ecológicas Saboreco 660 g,Saboreco,660 g,"2,15 €",Sedovin
Patatas fritas Lay's Campesinas bolsa 150 g,Lay Campesinas,150 g,"2,16 €",Sedovin
Melocotón en almíbar entero extra Sabor de Rioja 700 g,Rioja,700 g,"2,17 €",Sedovin
Tiras de bacon Casa Tarradellas 150 g,Casa Tarradellas,150 g,"2,18 €",Sedovin
Espaguetis integrales ecológicos Ecolecera 500 g,Ecolecera,500 g,"2,18 €",Sedovin
Macarrones integrales ecológicos Ecolecera 500 g,Ecolecera,500 g,"2,18 €",Sedovin
Bombones Nestle Caja Roja 11 ud 103 g,Nestle Caja Roja,11 ud,"2,20 €",Sedovin
Apio blanco Peris bandeja 400 g,Peris,400 g,"2,21 €",Sedovin
Chocolate negro 55% cacao Coaliment tableta 150 g,Coaliment,150 g,"2,22 €",Sedovin
Alubias con borraja Sabor de Rioja 660 g,Sabor Rioja,660 g,"2,22 €",Sedovin
Aguacate 1 ud aprox. 250 g,No brand found,1 ud,"2,22 €",Sedovin
Nuez moscada molida Coaliment 45 g,Coaliment,45 g,"2,23 €",Sedovin
Aceitunas manzanilla rellenas de anchoa Coaliment 3x120 g,Coaliment,3x,"2,24 €",Sedovin
Servilletas de papel Tork 30x30 cm 200 ud,Tork,30x,"2,25 €",Sedovin
Sardinas Sardinillas Isabel en aceite de oliva 81 g,Sardinillas Isabel,81 g,"2,25 €",Sedovin
Patata entera pelada extra de Navarra Dantza 660 g,Navarra Dantza,660 g,"2,26 €",Sedovin
Tomate entero pelado Coaliment 780 g,Coaliment,780 g,"2,27 €",Sedovin
Cucharita de plástico compostable 13.5 cm Honest Green 50 ud,Honest,13.5 cm,"2,27 €",Sedovin
Vinagre de manzana ecológico vegano Vegetalia 250 ml,Vegetalia,250 ml,"2,28 €",Sedovin
Lentejas extra ecológicas Saboreco 660 g,Saboreco,660 g,"2,29 €",Sedovin
Pimientos del piquillo natural en tiras Sabor de Rioja 290 g,Sabor Rioja,290 g,"2,29 €",Sedovin
Galletas Chips Ahoy 128 g,Chips Ahoy,128 g,"2,30 €",Sedovin
Champiñones enteros Coaliment 355 g,No brand found,355 g,"2,30 €",Sedovin
Banderillas picantes Coaliment 330 g,Coaliment,330 g,"2,30 €",Sedovin
Cardo 1ª Sabor de Rioja 660 g,Sabor Rioja,660 g,"2,31 €",Sedovin
Fritada extra Sabor de Rioja 680 g,Sabor Rioja,680 g,"2,33 €",Sedovin
Margarina Flora 225 g,Flora,225 g,"2,35 €",Sedovin
Galletas rellenas de chocolate Coaliment 500 g,Coaliment,500 g,"2,37 €",Sedovin
Calabacín 1 kg,No brand found,1 kg,"2,38 €",Sedovin
Paté ibérico con pasas al Pedro Ximénez Iberitos 140 g,Iberitos,140 g,"2,40 €",Sedovin
Sobres de azúcar 6 g + paletina café 50 ud,No brand found,6 g,"2,40 €",Sedovin
Galletas de cacao rellenas de crema Oreo 220 g,Oreo,220 g,"2,41 €",Sedovin
Cebollitas en vinagre Coaliment 340 g,Coaliment,340 g,"2,41 €",Sedovin
Ensaladilla Rucagel 1 kg,Rucagel,1 kg,"2,42 €",Sedovin
Romero Carmencita 25 g,Carmencita,25 g,"2,43 €",Sedovin
Sardinas picantonas Albo 120 g,Albo,120 g,"2,43 €",Sedovin
Azúcar moreno Azucarera 800 g,No brand found,800 g,"2,43 €",Sedovin
Galletas Dinosaurus Artiach 185 g,Dinosaurus Artiach,185 g,"2,43 €",Sedovin
Atún claro en escabeche Campos 160 g,No brand found,160 g,"2,46 €",Sedovin
Atún claro en aceite de girasol Campos 160 g,No brand found,160 g,"2,46 €",Sedovin
Atún claro al natural Campos 160 g,No brand found,160 g,"2,46 €",Sedovin
Vaso con tapa de cartón desechable 250 ml Honest Green 25 ud,Honest,250 ml,"2,47 €",Sedovin
Curry Carmencita 40 g,Carmencita,40 g,"2,48 €",Sedovin
Mostaza Coaliment 300 g,Coaliment,300 g,"2,48 €",Sedovin
Guindilla en vinagre Coaliment 340 g,Coaliment,340 g,"2,48 €",Sedovin
Salchichón ibérico extra Ibedul loncheado 100 g,No brand found,100 g,"2,49 €",Sedovin
Pan tostado Recondo tradicional con aceite de oliva 270 g,Recondo,270 g,"2,49 €",Sedovin
Arroz redondo SOS 1 kg,No brand found,1 kg,"2,50 €",Sedovin
Guisantes Rucagel 1 kg,Rucagel,1 kg,"2,51 €",Sedovin
Galletas de chocolate Principe Lu 300 g,Principe Lu,300 g,"2,53 €",Sedovin
Judías verdes Rucagel 1 kg,No brand found,1 kg,"2,54 €",Sedovin
Plátano de Canarias 1 kg,No brand found,1 kg,"2,55 €",Sedovin
Pan tostado Recondo integral 270 g,Recondo,270 g,"2,56 €",Sedovin
Margarina Tulipán 225 g,No brand found,225 g,"2,57 €",Sedovin
Margarina Ligeresa 250 g,Ligeresa,250 g,"2,57 €",Sedovin
Pastel fresco sabor limón Royal 8 raciones 103 g,Royal,8 raciones,"2,59 €",Sedovin
Bol desechable compostable 350 ml Honest Green 25 ud,Honest,350 ml,"2,59 €",Sedovin
Chocolate negro con almendras sin azúcar Coaliment tableta 150 g,Coaliment,150 g,"2,60 €",Sedovin
Lenteja pardina Coaliment 1 kg,Coaliment,1 kg,"2,62 €",Sedovin
Maíz al natural ecológico de Navarra Dantza 345 g,Dantza,345 g,"2,63 €",Sedovin
Servilletas de papel 33x33 cm Amoos Essential 100 ud,Amoos,33x,"2,64 €",Sedovin
Galletas sin azúcar Marbú Dorada 400 g,Dorada,400 g,"2,64 €",Sedovin
Harina para rebozar Yolanda 500 g,Yolanda,500 g,"2,65 €",Sedovin
Nuez moscada en grano Coaliment 35 g,Coaliment,35 g,"2,65 €",Sedovin
Filetes de anchoa en aceite de oliva Coaliment 50 g,Coaliment,50 g,"2,65 €",Sedovin
Cuña de queso azul Danablu 100 g,No brand found,100 g,"2,65 €",Sedovin
Vinagre balsámico de Módena Esencia 250ml,Esencia,250ml,"2,66 €",Sedovin
Arroz integral ecológico Ecolecera 500 g,Ecolecera,500 g,"2,66 €",Sedovin
Paté de aceituna Arbequina José Lou 110 g,Lou,110 g,"2,67 €",Sedovin
Paté de aceitunas negras José Lou 120 g,No brand found,120 g,"2,67 €",Sedovin
Patatas fritas con aceite de oliva Lay's Mediterráneas Clásicas bolsa 150 g,Lay,150 g,"2,68 €",Sedovin
Melocotón en almíbar Coaliment 840 g,No brand found,840 g,"2,68 €",Sedovin
Caldo de pollo casero Gallina Blanca 1 litro,Gallina Blanca,1 litro,"2,70 €",Sedovin
Caldo de pescado casero Gallina Blanca 1 litro,Gallina Blanca,1 litro,"2,70 €",Sedovin
Caldo de cocido casero Gallina Blanca 1 litro,Gallina Blanca,1 litro,"2,70 €",Sedovin
Caldo de carne casero Gallina Blanca 1 litro,Gallina Blanca,1 litro,"2,70 €",Sedovin
Canelones de carne con salsa bechamel Maheso 300 g,Maheso,300 g,"2,71 €",Sedovin
Paté de jabalí con pasas al Pedro Ximénez Iberitos 140 g,Iberitos,140 g,"2,71 €",Sedovin
Paté de ciervo con boletus Iberitos 140 g,No brand found,140 g,"2,71 €",Sedovin
Arroz redondo La Fallera 1 kg,La Fallera,1 kg,"2,71 €",Sedovin
Cebolla dulce bandeja 700 g,No brand found,700 g,"2,71 €",Sedovin
Manzana Golden aprox. 1.1 Kg,Golden,1.1 Kg,"2,71 €",Sedovin
Lasaña de salmón con espinacas y queso Emmental Maheso 280 g,Maheso,280 g,"2,72 €",Sedovin
Mahonesa Calvé 430 ml,No brand found,430 ml,"2,73 €",Sedovin
Arroz ecológico Ecolecera 500 g,Ecolecera,500 g,"2,73 €",Sedovin
Quinoa blanca y roja ecológica vegana sin gluten Vegetalia 2x125 g,Vegetalia,2x,"2,75 €",Sedovin
Galletas Digestive Coaliment 2x400 g,Digestive Coaliment,2x,"2,75 €",Sedovin
Tortitas de maíz con chocolate negro ecológicas veganas sin gluten Vegetalia 100 g,Vegetalia,100 g,"2,76 €",Sedovin
Tortitas de arroz con chocolate negro ecológicas veganas sin gluten Vegetalia 100 g,Vegetalia,100 g,"2,76 €",Sedovin
Chocolate con almendras Nestle Extrafino 123 g,Nestle Extrafino,123 g,"2,76 €",Sedovin
Patatas fritas Frit Ravich premium 170 g,Frit Ravich,170 g,"2,76 €",Sedovin
Patatas fritas Lay's Gourmet Original bolsa 170 g,Lay Gourmet Original,170 g,"2,78 €",Sedovin
Galleta rellena de crema Artiach Artinata 210 g,Artiach Artinata,210 g,"2,79 €",Sedovin
Crema de verduras ecológica Saboreco 485 g,Saboreco,485 g,"2,80 €",Sedovin
Queso de mezcla semicurado Villacorona cuña 200 g,Villacorona,200 g,"2,81 €",Sedovin
Tomate triturado extra al natural Orlando 800 g,Orlando,800 g,"2,82 €",Sedovin
Salsa rosa Calvé 225 ml,No brand found,225 ml,"2,83 €",Sedovin
Mahonesa Ligeresa 425 ml,Ligeresa,425 ml,"2,83 €",Sedovin
Mejillones en escabeche Calvo lata 115 g,Calvo,115 g,"2,84 €",Sedovin
Patatas fritas Pringles Original 165 g,Pringles Original,165 g,"2,86 €",Sedovin
Jamón cocido extra Coaliment 200 g,No brand found,200 g,"2,86 €",Sedovin
Café molido descafeinado Fortaleza 250 g,No brand found,250 g,"2,88 €",Sedovin
Cereales Corn Flakes Kellogg's 375 g,Corn Flakes Kellogg,375 g,"2,89 €",Sedovin
Dátiles sin hueso Frit Ravich 180 g,Ravich,180 g,"2,93 €",Sedovin
Escarola frisee fina O'Délice bandeja 250 g,O,250 g,"2,93 €",Sedovin
Bizcochos de soletilla Lapasion 300 g,Lapasion,300 g,"2,93 €",Sedovin
Espetec extra Montearagón 180 g,No brand found,180 g,"2,93 €",Sedovin
Pastillas de caldo de pescado Knorr 12 ud,Knorr,12 ud,"2,94 €",Sedovin
Cuajada Royal 16 raciones,Royal,16 raciones,"2,94 €",Sedovin
Corazones de alcachofa 1ª Coaliment 280 g,Coaliment,280 g,"2,94 €",Sedovin
Azúcar de caña Golden Light Saboreco 750 g,Light Saboreco,750 g,"2,94 €",Sedovin
Lentejas ecológicas Ecolecera 500 g,Ecolecera,500 g,"2,96 €",Sedovin
Borraja Findus 1 kg,Findus,1 kg,"2,98 €",Sedovin
Aceite de semillas La Masía Fenómeno 1 litro,La,1 litro,"2,99 €",Sedovin
Cacao soluble ColaCao Original 6 sobres 108 g,Original,6 sobres,"2,99 €",Sedovin
Bolsas de congelación multiusos con cierre de cremallera Albal Zipper 1 litro 12 ud,Albal Zipper,1 litro,"2,99 €",Sedovin
Preparado para flanes Potax 24 ud,Potax,24 ud,"3,01 €",Sedovin
Pisto ratatouille cat. 1ª Dantza 660 g,Dantza,660 g,"3,03 €",Sedovin
Chistorra de Navarra Coaliment 200 g,Navarra Coaliment,200 g,"3,03 €",Sedovin
Huevos frescos de suelo Dagu grandes L 12 ud,Dagu L,12 ud,"3,03 €",Sedovin
Huevos frescos Dagu grandes L 12 ud,Dagu L,12 ud,"3,03 €",Sedovin
Tomate ensalada 1 kg,No brand found,1 kg,"3,06 €",Sedovin
Lechuga romana bolsa 2 ud,No brand found,2 ud,"3,06 €",Sedovin
Paté de perdiz Iberitos 140 g,No brand found,140 g,"3,08 €",Sedovin
Paletinas de madera biodegradables Honest Green 250 ud,Honest Green,250 ud,"3,09 €",Sedovin
Empanadillas de atún Maheso 500 g,Maheso,500 g,"3,09 €",Sedovin
Magro de cerdo cocido en su jugo Pamplonica lata 220 g,Pamplonica,220 g,"3,10 €",Sedovin
Puré de patata Maggi 230 g,No brand found,230 g,"3,10 €",Sedovin
Patatas fritas Pringles Cheese and onion 165 g,Pringles Cheese,165 g,"3,12 €",Sedovin
Pimientos enteros 1ª Celorrio 390 g,Celorrio,390 g,"3,12 €",Sedovin
Ensalada de arroz con gambas Casa Mas 1 ración 220 g,Casa Mas,1 raci,"3,16 €",Sedovin
Ensalada de pasta con atún Casa Mas 1 ración 250 g,Casa Mas,1 raci,"3,16 €",Sedovin
Atún claro en aceite de oliva Campos 160 g,No brand found,160 g,"3,16 €",Sedovin
Barritas surimi Krissia 12 ud 200 g,Krissia,12 ud,"3,17 €",Sedovin
Queso rallado 4 quesos Coaliment 200 g,Coaliment,4 quesos,"3,17 €",Sedovin
Tomate entero pelado ecológico extra Dantza 660 g,Dantza,660 g,"3,19 €",Sedovin
Crema de queso azul fundido Iberitos 4x23 g,Iberitos,4x,"3,20 €",Sedovin
Crema de queso de cabra fundido Iberitos 4x23 g,Iberitos,4x,"3,20 €",Sedovin
Crema de queso de cabra y dulce de tomate Iberitos 2x70 g,Iberitos,2x,"3,20 €",Sedovin
Limón exprimido Solimón 500 ml,No brand found,500 ml,"3,22 €",Sedovin
Velita ibérica de salchichón Ibedul 250 g,Ibedul,250 g,"3,22 €",Sedovin
Velita ibérica de chorizo Ibedul 250 g,Ibedul,250 g,"3,22 €",Sedovin
Plato desechable llano redondo compostable 18 cm Honest Green 50 ud,Honest,18 cm,"3,23 €",Sedovin
Galletas Marbú Dorada 600 g,Dorada,600 g,"3,25 €",Sedovin
Galletas María integral Gullón 600 g,No brand found,600 g,"3,27 €",Sedovin
Harina de maíz Maizena 400 g,Maizena,400 g,"3,28 €",Sedovin
Mermelada melocotón Hero 330 g,Hero,330 g,"3,29 €",Sedovin
Espetec Casa Tarradellas 180 g,Casa Tarradellas,180 g,"3,30 €",Sedovin
Alcachofas cuarteadas Coaliment 390 g,Coaliment,390 g,"3,30 €",Sedovin
Cereales integrales de chocolate Chocapic Nestle 375 g,Chocapic Nestle,375 g,"3,32 €",Sedovin
Laurel en hojas Carmencita 40 g,Carmencita,40 g,"3,35 €",Sedovin
Mayonesa Coaliment 300 g,Coaliment,300 g,"3,37 €",Sedovin
Canelones de atún con queso Emmental Maheso 300 g,Emmental Maheso,300 g,"3,38 €",Sedovin
Pera Conferencia 1 Kg,Conferencia,1 Kg,"3,40 €",Sedovin
Limón 1 Kg,No brand found,1 Kg,"3,40 €",Sedovin
Tomate triturado al natural ecológico Gardeniers 660 g,Gardeniers,660 g,"3,42 €",Sedovin
Pimiento del piquillo entero extra Sabor de Rioja 290 g,Sabor Rioja,290 g,"3,44 €",Sedovin
Salchichas cocidas y ahumadas Viena Baro 400 g,Viena Baro,400 g,"3,48 €",Sedovin
Sal de alta cocina para hornear Sal Costa 2 kg,Sal Sal Costa,2 kg,"3,48 €",Sedovin
Boquerones en vinagre Nassari 70 g,Nassari,70 g,"3,48 €",Sedovin
Coca con pepitas de chocolate Lapasion 500 g,Lapasion,500 g,"3,48 €",Sedovin
Coca abizcochada Lapasion 500 g,Lapasion,500 g,"3,48 €",Sedovin
Pastillas de caldo vegetal Knorr 12 ud,Knorr,12 ud,"3,48 €",Sedovin
Tapioca Royal 175 g,Royal,175 g,"3,48 €",Sedovin
Atún claro en escabeche Campos lata 3x80 g,No brand found,3x,"3,52 €",Sedovin
Atún claro en aceite de girasol Campos lata 3x80 g,No brand found,3x,"3,52 €",Sedovin
Chocolate negro sin azúcar Nestle tableta 115 g,Nestle,115 g,"3,52 €",Sedovin
Chocolate a la taza RAM brick 1 litro,No brand found,1 litro,"3,52 €",Sedovin
Arroz redondo variedad Maratelli Brazal 1 kg,Maratelli Brazal,1 kg,"3,53 €",Sedovin
Quinoa real Bolivia ecológica Saboreco 500 g,Bolivia Saboreco,500 g,"3,53 €",Sedovin
Sobrasada ElPozo 250 g,No brand found,250 g,"3,54 €",Sedovin
Gelatina de limón Royal 111 g,Royal,111 g,"3,54 €",Sedovin
Gelatina de fresa Royal 111 g,Royal,111 g,"3,54 €",Sedovin
Pan rallado de maíz sin gluten Diat Rádisson 250 g,Diat,250 g,"3,54 €",Sedovin
Pimientos del piquillo rellenos de carne Precocinados Gorena 500 g,Precocinados Gorena,500 g,"3,55 €",Sedovin
Donettes clásicos 8 ud + 1 gratis,No brand found,8 ud,"3,58 €",Sedovin
Galletas integrales con arándanos rojos sin azúcar Diat Rádisson 175 g,Diat,175 g,"3,58 €",Sedovin
Galletas Fontaneda Digestive 400 g,Fontaneda Digestive,400 g,"3,58 €",Sedovin
Tomate frito de temporada Gardeniers 330 g,Gardeniers,330 g,"3,60 €",Sedovin
Mermelada ciruela Hero 330 g,Hero,330 g,"3,60 €",Sedovin
Galletas María Gullón Dorada 3x200 g,Dorada,3x,"3,61 €",Sedovin
Patatas fritas Farm Frites 1 kg,Farm Frites,1 kg,"3,62 €",Sedovin
Cuchillo de plástico compostable 18 cm Honest Green 50 ud,Honest,18 cm,"3,63 €",Sedovin
Tenedor de plástico compostable 18 cm Honest Green 50 ud,Honest,18 cm,"3,63 €",Sedovin
Judía blanca cocida ecológica Ecolecera 720 g,No brand found,720 g,"3,63 €",Sedovin
Surimi en forma de angulas Clavo Food Factory 200 g,Clavo Food Factory,200 g,"3,65 €",Sedovin
Chocolate para fundir especial postres tableta Coaliment 200 g,Coaliment,200 g,"3,65 €",Sedovin
Chocolate con leche sin azúcar Nestle tableta 115 g,Nestle,115 g,"3,67 €",Sedovin
Ensaladilla rusa con atún Casa Mas 1 ración 260 g,Casa Mas,1 raci,"3,67 €",Sedovin
Levadura química Royal 5x80 g,Royal,5x,"3,72 €",Sedovin
Manzana Fuji 1 kg,Fuji,1 kg,"3,73 €",Sedovin
Acelga cortada bandeja 500 g,No brand found,500 g,"3,74 €",Sedovin
Uvas pasas sin pepitas Frit Ravich 180 g,Frit Ravich,180 g,"3,74 €",Sedovin
Pan hamburguesa Maxi Burger Bimbo 4 ud,Maxi Burger Bimbo,4 ud,"3,74 €",Sedovin
Galletas Gullón Creme Tropical 800 g,Creme Tropical,800 g,"3,74 €",Sedovin
Cebolla en dados Findus El Huerto 1 kg,Findus El Huerto,1 kg,"3,74 €",Sedovin
Cápsulas café El Criollo Intenso 10 ud,Criollo Intenso,10 ud,"3,76 €",Sedovin
Cápsulas café Descafeinado El Criollo 10 ud,El Criollo,10 ud,"3,76 €",Sedovin
Edulcorante stevia Diat Rádisson 60 sobres 60 g,Diat,60 sobres,"3,76 €",Sedovin
Pan de molde Bimbo corteza tierna 450 g,Bimbo,450 g,"3,77 €",Sedovin
Servilletas 40x40cm Coaliment Granate 50 ud,Coaliment,40x,"3,78 €",Sedovin
Menestra de verduras Sabor de Rioja 660 g,Sabor Rioja,660 g,"3,78 €",Sedovin
Harina de maíz sin gluten Diat Rádisson 500 g,Diat,500 g,"3,78 €",Sedovin
Cápsulas Dolce Gusto café Fortaleza Etiopía 10 ud,Gusto Fortaleza,10 ud,"3,80 €",Sedovin
Cápsulas Dolce Gusto café Fortaleza Intenssisimo 10 ud,Gusto Fortaleza Intenssisimo,10 ud,"3,80 €",Sedovin
Cápsulas Dolce Gusto café con leche Fortaleza 10 ud,Gusto Fortaleza,10 ud,"3,80 €",Sedovin
Cápsulas Dolce Gusto café Fortaleza Despertar 10 ud,Gusto Fortaleza Despertar,10 ud,"3,80 €",Sedovin
Cápsulas Dolce Gusto café descafeinado Fortaleza 10 ud,Gusto Fortaleza,10 ud,"3,80 €",Sedovin
Cápsulas Dolce Gusto café Fortaleza Excellence 10 ud,Gusto Fortaleza Excellence,10 ud,"3,81 €",Sedovin
Cápsulas Dolce Gusto café con leche descafeinado Fortaleza 10 ud,Gusto Fortaleza,10 ud,"3,81 €",Sedovin
Crema de cacao para untar Coaliment 500 g,Coaliment,500 g,"3,83 €",Sedovin
Queso de mezcla semicurado cortado Villacorona cuña 250 g,Villacorona,250 g,"3,84 €",Sedovin
Yemas de espárrago de Navarra gruesas Sabor de Rioja 230 g,Navarra Sabor Rioja,230 g,"3,85 €",Sedovin
Tallarines a la carbonara Casa Mas 1 ración 280 g,Casa Mas,1 raci,"3,87 €",Sedovin
Galletas napolitanas Cuétara 426 g,No brand found,426 g,"3,89 €",Sedovin
Caldo de verduras natural Aneto 1 litro,Aneto,1 litro,"3,91 €",Sedovin
Caldo de pollo natural Aneto 1 litro,Aneto,1 litro,"3,91 €",Sedovin
Donuts glacé 4 ud,No brand found,4 ud,"3,91 €",Sedovin
Galletas integrales con chocolate sin azúcar Diat Rádisson 175 g,Diat,175 g,"3,91 €",Sedovin
Cápsulas café Ristretto El Criollo 10 ud,El Criollo,10 ud,"3,92 €",Sedovin
Quesitos en porciones El Caserio 16 porciones,El Caserio,16 porciones,"3,92 €",Sedovin
Garbanzos ecológicos Ecolecera 500 g,Ecolecera,500 g,"3,93 €",Sedovin
Chocolate puro con almendras sin azúcar Valor tableta 150 g,Valor,150 g,"3,95 €",Sedovin
Tortellini boloñesa Casa Mas 1 ración 280 g,Casa Mas,1 raci,"3,95 €",Sedovin
Pencas de acelga de Navarra Dantza 660 g,Navarra Dantza,660 g,"3,96 €",Sedovin
Vichyssoise de puerro y patata Gardeniers 490 g,Gardeniers,490 g,"4,00 €",Sedovin
Pizza barbacoa Casa Tarradellas 440 g,Casa Tarradellas,440 g,"4,00 €",Sedovin
Pizza 4 quesos Casa Tarradellas 390 g,Casa,4 quesos,"4,00 €",Sedovin
Miel de flores Coaliment jarra 500 g,Coaliment,500 g,"4,02 €",Sedovin
Helado almendrado vainilla y chocolate Camy Supreme 4 ud,Camy Supreme,4 ud,"4,03 €",Sedovin
Ventresca de atún en aceite de oliva Campos 111 g,Campos,111 g,"4,06 €",Sedovin
Crema de brócoli y garbanzos Gardeniers 490 g,Gardeniers,490 g,"4,07 €",Sedovin
Crema de zanahoria puerro y jengibre Gardeniers 490 g,Gardeniers,490 g,"4,07 €",Sedovin
Almendras tostadas con piel sin sal Coaliment 200 g,Coaliment,200 g,"4,07 €",Sedovin
Pan de molde Bimbo sin corteza 450 g,Bimbo,450 g,"4,07 €",Sedovin
Navajuelas al natural Coaliment lata 111 g,Coaliment,111 g,"4,08 €",Sedovin
Lentejas cocidas ecológicas Ecolecera 720 g,Ecolecera,720 g,"4,08 €",Sedovin
Cereales integrales All Bran Fibre Plus Kellogg's 375 g,All Bran Fibre Plus Kellogg,375 g,"4,09 €",Sedovin
Crema de calabacín con quinoa Gardeniers 490 g,Gardeniers,490 g,"4,10 €",Sedovin
Chocolate a la taza Valorcao Valor 500 g,Valorcao Valor,500 g,"4,11 €",Sedovin
Profiteroles rellenos de nata Prevema 500 g,Prevema,500 g,"4,15 €",Sedovin
Vinagre de Jerez reserva DOP Louit 250 ml,Jerez Louit,250 ml,"4,16 €",Sedovin
Crema de coliflor con alubia blanca Gardeniers 490 g,Gardeniers,490 g,"4,17 €",Sedovin
Higos trufados Lapasion 120 g,Lapasion,120 g,"4,18 €",Sedovin
Ensalada vegetal con cangrejo Casa Mas 1 ración 250 g,Casa Mas,1 raci,"4,18 €",Sedovin
Café molido natural Fortaleza 250 g,No brand found,250 g,"4,18 €",Sedovin
Café molido mezcla Fortaleza 250 g,No brand found,250 g,"4,18 €",Sedovin
Filetes de anchoa en aceite de girasol Coaliment tarro 100 g,Coaliment,100 g,"4,19 €",Sedovin
Nata para cocinar Asturiana 500 ml,Asturiana,500 ml,"4,19 €",Sedovin
Almendras fritas peladas con sal Coaliment 200 g,Coaliment,200 g,"4,22 €",Sedovin
Pan tostado Ortiz mix cereales 288 g,Ortiz,288 g,"4,22 €",Sedovin
Pan tostado Ortiz estilo tradicional 320 g,Ortiz,320 g,"4,22 €",Sedovin
Pan tostado integral Ortiz 324 g,Ortiz,324 g,"4,22 €",Sedovin
Pan de molde 0% azúcares añadidos Bimbo 700 g,Bimbo,700 g,"4,22 €",Sedovin
Garbanzos cocido ecológicos Ecolecera 720 g,Ecolecera,720 g,"4,22 €",Sedovin
Servilletas 40x40 Amoos Essential 100 ud,Amoos,40x,"4,24 €",Sedovin
Galletas Tosta Rica 570 g,Tosta Rica,570 g,"4,25 €",Sedovin
Galletas Cuétara Tostada 800 g,Tostada,800 g,"4,25 €",Sedovin
Brócoli bandeja 400 g,No brand found,400 g,"4,25 €",Sedovin
Pimiento rojo extra 1 kg,No brand found,1 kg,"4,25 €",Sedovin
Piña en almíbar Celorrio 822 g,No brand found,822 g,"4,26 €",Sedovin
Nata líquida para montar Asturiana 500 ml,Asturiana,500 ml,"4,26 €",Sedovin
Crema de cacahuete ecológica vegana Vegetalia 250 g,Vegetalia,250 g,"4,29 €",Sedovin
Arroz delicias con tortilla Maheso 500 g,Maheso,500 g,"4,30 €",Sedovin
Atún claro Campos en aceite girasol 266 g,No brand found,266 g,"4,30 €",Sedovin
Atún claro Campos en escabeche 266 g,No brand found,266 g,"4,30 €",Sedovin
Galletas Chiquilín Artiach 525 g,Artiach,525 g,"4,31 €",Sedovin
Caldo de pescado natural Aneto 1 litro,Aneto,1 litro,"4,32 €",Sedovin
Chocolate Valor puro a la taza tableta 300 g,Valor,300 g,"4,32 €",Sedovin
Helado vainilla Carte D'or tarrina 1 litro + 30% gratis,Carte D,1 litro,"4,35 €",Sedovin
Helado sorbete de limón Carte D'or tarrina 1 litro,Carte D,1 litro,"4,35 €",Sedovin
Helado chocolate Carte D'or tarrina 1 litro + 30% gratis,Carte D,1 litro,"4,35 €",Sedovin
Galletas saladas Cuetara Krit bote 350 g,Cuetara Krit,350 g,"4,36 €",Sedovin
Pizza jamón y queso Casa Tarradellas 405 g,Casa Tarradellas,405 g,"4,37 €",Sedovin
Pizza jamón serrano Casa Tarradellas 390 g,Casa Tarradellas,390 g,"4,37 €",Sedovin
Orégano Carmencita 45 g,No brand found,45 g,"4,37 €",Sedovin
Weikis con pepitas de chcolate con leche La Bella Easo 6 ud,La Bella Easo,6 ud,"4,40 €",Sedovin
Chocolate a la taza intenso Valorcao Valor 400 g,Valorcao Valor,400 g,"4,41 €",Sedovin
Ciruelas pasas sin hueso Frit Ravich 200 g,Frit Ravich,200 g,"4,43 €",Sedovin
Té Hornimans 10 sobres,No brand found,10 sobres,"4,43 €",Sedovin
Pistachos tostados y salados Coaliment 175 g,Coaliment,175 g,"4,45 €",Sedovin
Mantequilla Asturiana 250 g,Asturiana,250 g,"4,46 €",Sedovin
Lasaña de verduras Casa Mas 1 ración 440 g,Mas,1 raci,"4,46 €",Sedovin
Lasaña de carne Casa Mas 1 ración 370 g,Mas,1 raci,"4,46 €",Sedovin
Espárragos blancos Extra Virto 6-8 ud 540 g,Virto,8 ud,"4,46 €",Sedovin
Puerros categoría 1ª Sabor de Rioja 660 g,Sabor Rioja,660 g,"4,50 €",Sedovin
Donuts bombón 4 ud,No brand found,4 ud,"4,50 €",Sedovin
Chorizo dulce extra La Hoguera 280 g,La Hoguera,280 g,"4,50 €",Sedovin
Café molido natural El Criollo 250 g,Criollo,250 g,"4,50 €",Sedovin
Café molido mezcla El Criollo 250 g,Criollo,250 g,"4,50 €",Sedovin
Nuggets de pollo Casa Mas 1 ración 150 g,Casa Mas,1 raci,"4,51 €",Sedovin
Mermelada de cereza ecológica Gardeniers 250 g,Gardeniers,250 g,"4,54 €",Sedovin
Mermelada de manzana y canela Gardeniers 250 g,Gardeniers,250 g,"4,54 €",Sedovin
Queso curado de oveja Villacorona cuña 250 g,Villacorona,250 g,"4,55 €",Sedovin
Nueces 500 g,No brand found,500 g,"4,55 €",Sedovin
Pan de molde integral Bimbo Silueta 8 cereales 650 g,Bimbo Silueta,8 cereales,"4,55 €",Sedovin
Cereales Smacks de Kellogg's 375 g,Smacks Kellogg,375 g,"4,55 €",Sedovin
Helado Magnum almendras 3+1 ud,Magnum,1 ud,"4,59 €",Sedovin
Helado Magnum blanco 3 ud,Magnum,3 ud,"4,59 €",Sedovin
Salpicón de marisco Casa Mas 1 ración 220 g,Mas,1 raci,"4,59 €",Sedovin
Mermelada melocotón sin azúcar Hero Diet 280 g,Hero Diet,280 g,"4,61 €",Sedovin
Mermelada de fresa Hero 330 g,Hero,330 g,"4,61 €",Sedovin
Sardinas en aceite de oliva Campos 10-14 piezas 115 g,Campos,14 piezas,"4,62 €",Sedovin
Bolsas para cubitos de hielo Albal 20 ud,Albal,20 ud,"4,62 €",Sedovin
Risotto de boletus Casa Mas 1 ración 280 g,Casa Mas,1 raci,"4,66 €",Sedovin
Callos gourmet con chorizo y pimiento choricero Pamplonica 380 g,Pamplonica,380 g,"4,66 €",Sedovin
Queso tierno light mezcla Coaliment 250 g,Coaliment,250 g,"4,68 €",Sedovin
Atún claro en aceite girasol Calvo 3x65 g,No brand found,3x,"4,69 €",Sedovin
Clavo en grano Carmencita 18 g,Carmencita,18 g,"4,72 €",Sedovin
Frutas de Aragón Lapasion 150 g,Lapasion,150 g,"4,72 €",Sedovin
Magdalenas Bella Easo 16 ud,Bella Easo,16 ud,"4,72 €",Sedovin
Café molido descafeinado El Criollo 250 g,Criollo,250 g,"4,74 €",Sedovin
Alitas de pollo 1 kg,No brand found,1 kg,"4,76 €",Sedovin
Café cappuccino Nescafé 10 sobres,No brand found,10 sobres,"4,79 €",Sedovin
Aceitunas aliñadas estilo provenzal José Lou 950 g,Lou,950 g,"4,82 €",Sedovin
Judiones con codorniz Pamplonica lata 380 g,Pamplonica,380 g,"4,83 €",Sedovin
Jamoncitos de muslo de pollo 1 kg,No brand found,1 kg,"4,85 €",Sedovin
Helado Magnum mini almendras 6 ud,Magnum,6 ud,"4,85 €",Sedovin
Nueces peladas Coaliment 150 g,Coaliment,150 g,"4,88 €",Sedovin
Patata roja Potato bolsa 2.5 kg,Potato,2.5 kg,"4,89 €",Sedovin
Patata blanca Potato bolsa 2.5 kg,Potato,2.5 kg,"4,89 €",Sedovin
Leticias de naranja con chocolate Lapasión 150 g,No brand found,150 g,"4,91 €",Sedovin
Rulo de cabra Villacorona 180 g,Villacorona,180 g,"4,92 €",Sedovin
Salsa de eneldo Benfumat 250 ml,Benfumat,250 ml,"4,92 €",Sedovin
Chocolate puro Valor tableta 300 g,Valor,300 g,"4,92 €",Sedovin
Escalivada Casa Mas 2 raciones 450 g,Casa Mas,2 raciones,"4,93 €",Sedovin
Queso Roquefort Société 100 g,Roquefort,100 g,"4,94 €",Sedovin
Edulcorante en pastillas Natreen Classic 400 comprimidos,Natreen Classic,400 comprimidos,"4,95 €",Sedovin
Navajas al natural Coaliment 111 g,Coaliment,111 g,"4,97 €",Sedovin
Chocolate con leche y almendras Valor 250 g,Valor,250 g,"4,98 €",Sedovin
Queso curado mezcla Coaliment cuña 250 g,Coaliment,250 g,"4,99 €",Sedovin
Aceite de girasol Gorbisol 2 litros,Gorbisol,2 litros,"5,03 €",Sedovin
Queso Philadelphia original 350 g,Philadelphia,350 g,"5,04 €",Sedovin
Pan de molde Oroweat 12 cereales y semillas 590 g,Oroweat,12 cereales,"5,05 €",Sedovin
Acelga ecológica Gardeniers 680 g,Gardeniers,680 g,"5,07 €",Sedovin
Pepinillos en vinagre José Lou 1400 g,Lou,1400 g,"5,07 €",Sedovin
Borraja cortada y limpia bandeja 400 g,No brand found,400 g,"5,10 €",Sedovin
Lomos atún claro Campos en aceite oliva 200 g,Campos,200 g,"5,13 €",Sedovin
Helado Magnum After Dinner Frac 8 ud,Magnum After Dinner Frac,8 ud,"5,16 €",Sedovin
Mejillones en escabeche Serrats 8-12 piezas 110 g,Serrats,12 piezas,"5,17 €",Sedovin
Rösties de patata Farm Frites 1 kg,Frites,1 kg,"5,18 €",Sedovin
Macarrones a la boloñesa Casa Mas 2 raciones 500 g,Casa Mas,2 raciones,"5,18 €",Sedovin
Aceitunas aliñadas de la abuela José Lou 930 g,Lou,930 g,"5,20 €",Sedovin
Pan de leche La Bella Easo 10 ud 350 g,La Bella Easo,10 ud,"5,20 €",Sedovin
Barra de helado de nata Frigo 1 litro,Frigo,1 litro,"5,24 €",Sedovin
Berberechos al natural JSM 120 g,No brand found,120 g,"5,26 €",Sedovin
Crema de cacao con avellanas Nocilla Original 360 g,Nocilla Original,360 g,"5,26 €",Sedovin
Crema al cacao y leche con avellanas Nocilla Chocoleche 360 g,Nocilla Chocoleche,360 g,"5,26 €",Sedovin
Aceite de oliva virgen extra Capricho Aragonés Arbequina 250 ml,Capricho Arbequina,250 ml,"5,26 €",Sedovin
Cacao puro en polvo sin azúcar 100% natural Valor 250 g,Valor,250 g,"5,28 €",Sedovin
Jamón curado loncheado Espuña 160 g,No brand found,160 g,"5,30 €",Sedovin
Tahín pasta de sésamo integral ecológica vegana Vegetalia 180 g,No brand found,180 g,"5,34 €",Sedovin
Queso de oveja viejo Villacorona cuña 250 g,Villacorona,250 g,"5,38 €",Sedovin
Entrecot de vaca Illas Juli 250 g,Illas Juli,250 g,"5,38 €",Sedovin
Helado Magnum Frac 3 ud,Magnum Frac,3 ud,"5,38 €",Sedovin
Helado Magnum mini chocolate blanco y chocolate blanco almendrado 6 ud,Magnum,6 ud,"5,41 €",Sedovin
Helado Cornetto mini chocolate 6 ud,Cornetto,6 ud,"5,41 €",Sedovin
Helado Cornetto mini clásico 6+2 ud,Cornetto,2 ud,"5,41 €",Sedovin
Helado Cornetto clásico 6 ud,Cornetto,6 ud,"5,41 €",Sedovin
"Helado Magnum Mini surtido clásico, blanco y almendrado 6 ud + 2 gratis",Magnum Mini,6 ud,"5,41 €",Sedovin
Helado de cola Drácula 6 ud,No brand found,6 ud,"5,41 €",Sedovin
Pimientos del piquillo extra de Navarra Dantza lata 390 g,Navarra Dantza,390 g,"5,43 €",Sedovin
Papel de aluminio Alumfix rollo 50 m,Alumfix,50 m,"5,45 €",Sedovin
Queso de oveja curado cortado Villacorona Oro cuña 250 g,Villacorona Oro,250 g,"5,48 €",Sedovin
Mermelada fresa sin azúcar Hero Diet 280 g,Hero Diet,280 g,"5,50 €",Sedovin
Patatas saco 5 kg,No brand found,5 kg,"5,52 €",Sedovin
Café soluble Nescafé natural 100 g,No brand found,100 g,"5,53 €",Sedovin
Muslo de pollo escabechado Tío Nicasio 280 g,Nicasio,280 g,"5,55 €",Sedovin
Mermelada de piña con jengibre La Cullera 220 g,La Cullera,220 g,"5,56 €",Sedovin
Mermelada de kiwi y melón con vainilla extra La Cullera 220 g,La Cullera,220 g,"5,56 €",Sedovin
Mermelada de escalibada extra La Cullera 220 g,La Cullera,220 g,"5,56 €",Sedovin
Café soluble descafeinado Nescafé 100 g,No brand found,100 g,"5,58 €",Sedovin
Cremoso de mejillones Iberitos 140 g,Iberitos,140 g,"5,59 €",Sedovin
Cardo con salsa de almendras Dantza 400 g,Dantza,400 g,"5,60 €",Sedovin
Pochas a la Navarra cocidas con verduras Dantza 400 g,Navarra Dantza,400 g,"5,60 €",Sedovin
Chocolate negro con naranja y almendra Valor 200 g,Valor,200 g,"5,60 €",Sedovin
Atún claro Isabel en aceite de oliva 4x65 g,No brand found,4x,"5,60 €",Sedovin
Naranja de mesa 2 kg,No brand found,2 kg,"5,61 €",Sedovin
Cardo troceado Rucagel 1 kg,Rucagel,1 kg,"5,64 €",Sedovin
Cereales Nesquik 375 g,Nesquik,375 g,"5,65 €",Sedovin
Croquetas de jamón ibérico Casa Mas 10 ud 280 g,Casa Mas,10 ud,"5,65 €",Sedovin
Croquetas de bacalao Casa Mas 10 ud 280 g,Casa Mas,10 ud,"5,65 €",Sedovin
Croquetas caseras Casa Mas 10 ud 280 g,Casa Mas,10 ud,"5,65 €",Sedovin
Croquetas con boletus Casa Mas 10 ud 280 g,Casa Mas,10 ud,"5,65 €",Sedovin
Cuchara de madera Nupik Naturgo 50 ud,Nupik Naturgo,50 ud,"5,66 €",Sedovin
Mejillones en escabeche Isabel 3x80 g,Isabel,3x,"5,67 €",Sedovin
Paella marinera Casa Mas 1 ración 280 g,Casa Mas,1 raci,"5,68 €",Sedovin
Tomate rosa 1.5 kg,No brand found,1.5 kg,"5,68 €",Sedovin
Turrón duro El Almendro 200 g,Almendro,200 g,"5,71 €",Sedovin
Cacao soluble ColaCao 0% sin azúcares 300 g,No brand found,300 g,"5,72 €",Sedovin
Longaniza de Aragón Extra Montearagón 250 g,Extra,250 g,"5,72 €",Sedovin
Croquetas de jamón serrano Maheso 500 g,Maheso,500 g,"5,75 €",Sedovin
Naranja calibre 5-6 Selfa malla 2 kg,Selfa,6 Selfa,"5,77 €",Sedovin
Queso curado de oveja Coaliment cuña 250 g,Coaliment,250 g,"5,78 €",Sedovin
Orejones de albaricoque Frit Ravich 200 g,Frit Ravich,200 g,"5,80 €",Sedovin
Cereales solubles Eko Natural 150 g,Eko Natural,150 g,"5,80 €",Sedovin
Aceitunas negras de Aragón Lou-Oliva 1 kg,Lou Oliva,1 kg,"5,81 €",Sedovin
Café molido Colombia El Criollo 250 g,El Criollo,250 g,"5,83 €",Sedovin
Tomate frito Orlando 6x350 g,Orlando,6x,"5,86 €",Sedovin
Galletas danesas de mantequilla Royal Ballet lata 454 g,Royal Ballet,454 g,"5,89 €",Sedovin
Jamón Bodega Selección El Monte Los Alcores loncheado 140 g,El Monte Los Alcores,140 g,"5,89 €",Sedovin
Mejillón cocido en su jugo entero Rucagel 1 kg,No brand found,1 kg,"5,90 €",Sedovin
Croquetas de pollo Maheso 500 g,Maheso,500 g,"5,90 €",Sedovin
Crema de setas con shiitake Gardeniers 490 g,Gardeniers,490 g,"5,91 €",Sedovin
Cardo al natural ecológica Gardeniers 660 g,Gardeniers,660 g,"5,91 €",Sedovin
Borraja al natural ecológica Gardeniers 680 g,Gardeniers,680 g,"5,91 €",Sedovin
Judía verde 1 kg,No brand found,1 kg,"5,95 €",Sedovin
Helado Magnum mini frac almendras 6 ud,Magnum,6 ud,"5,95 €",Sedovin
Chocolate a la taza Paladin original 340 g,Paladin,340 g,"5,97 €",Sedovin
Perejil Carmencita 50 g,Carmencita,50 g,"5,97 €",Sedovin
Cono helado sin azúcar vainilla-chocolate Casty 4ud,Casty,4ud,"6,00 €",Sedovin
Colas de merluza Austral Europacífico 900 g,Austral,900 g,"6,03 €",Sedovin
Alcachofas enteras Sabor de Rioja 660 g,Sabor Rioja,660 g,"6,04 €",Sedovin
Mermelada de fresas extra con fructosa La Cullera 250 g,La Cullera,250 g,"6,05 €",Sedovin
Mermelada de naranja y calabaza extra La Cullera 250 g,La Cullera,250 g,"6,05 €",Sedovin
Mango gourmet 1 ud aprox. 600 g,No brand found,1 ud,"6,07 €",Sedovin
Vaso de cartón desechable biodegradable blanco 350 ml Honest Green 50 ud,Honest,350 ml,"6,17 €",Sedovin
Coquinas Castellar 250 g,Castellar,250 g,"6,18 €",Sedovin
Cono helado vainilla-chocolate sin gluten Casty 4 ud,Casty,4 ud,"6,18 €",Sedovin
Codorniz escabechada Tío Nicasio 265 g,Nicasio,265 g,"6,20 €",Sedovin
Cacahuete pelado Borges 1 kg,Borges,1 kg,"6,22 €",Sedovin
Tortilla de patata con cebolla caramelizada Casa Mas 4 raciones 650 g,Casa Mas,4 raciones,"6,28 €",Sedovin
Tarta helada Comtessa sabor nata 1 litro,Comtessa,1 litro,"6,29 €",Sedovin
Queso semicurado de cabra Coaliment 250 g,Coaliment,250 g,"6,29 €",Sedovin
Cocktail sabor barbacoa Borges 1 kg,Borges,1 kg,"6,30 €",Sedovin
Croquetas de bacalao Maheso 500 g,Maheso,500 g,"6,42 €",Sedovin
Almeja marrón entera cocida 60/80 Frimapesca 950 g,Frimapesca,80 Frimapesca,"6,45 €",Sedovin
Confitura de cebolla caramelizada y boletus extra La Cullera 160 g,La Cullera,160 g,"6,46 €",Sedovin
Barra de helado de turrón Frigo 1 litro,Frigo,1 litro,"6,49 €",Sedovin
Mermelada de moras extra La Cullera 250 g,La Cullera,250 g,"6,53 €",Sedovin
Mermelada de higos con nueces extra La Cullera 250 g,La Cullera,250 g,"6,53 €",Sedovin
Mermelada de frutos rojos extra La Cullera 250 g,La Cullera,250 g,"6,53 €",Sedovin
Migas con chistorra Palacios 2x250 g,Palacios,2x,"6,57 €",Sedovin
Tentáculos de potón a la gallega Orbe 266 g,No brand found,266 g,"6,58 €",Sedovin
Croquetas de parmesano con stracciatella de tomate 8 ud 240 g,No brand found,8 ud,"6,63 €",Sedovin
Croquetas de jamón ibérico y pan crujiente 8 ud 240 g,No brand found,8 ud,"6,63 €",Sedovin
Tubo de pota U5 Saylor 700 g,Saylor,5 Saylor,"6,67 €",Sedovin
Mermelada de fresas extra La Cullera 250 g,La Cullera,250 g,"6,70 €",Sedovin
Mermelada de ciruela roja extra con fructosa La Cullera 250 g,La Cullera,250 g,"6,70 €",Sedovin
Plástico film transparente rollo 30x250m,No brand found,30x,"6,73 €",Sedovin
Ensaladilla rusa con atún Casa Mas 2 raciones 500 g,Casa Mas,2 raciones,"6,74 €",Sedovin
Yemas de espárrago blanco de Navarra extra Dantza 230 g,Navarra Dantza,230 g,"6,75 €",Sedovin
Pastel frío de patata Casa Mas 2 raciones 450 g,Casa Mas,2 raciones,"6,75 €",Sedovin
Fideuá mediterránea Casa Mas 2 raciones 400 g,Mas,2 raciones,"6,75 €",Sedovin
Cereales integrales de chocolate All Bran Choco Kellogg's 375 g,All Bran Choco Kellogg,375 g,"6,78 €",Sedovin
Vinagre de Módena Mazzetti 500 ml,Mazzetti,500 ml,"6,82 €",Sedovin
Mejillón sin cascara Rucagel 500 g,No brand found,500 g,"6,90 €",Sedovin
Pastel frío con marisco Casa Mas 2 raciones 400 g,Casa Mas,2 raciones,"6,90 €",Sedovin
Pastel frío de atún Casa Mas 2 raciones 400 g,Casa Mas,2 raciones,"6,90 €",Sedovin
Café en grano mezcla tradición El Criollo 250 g,Criollo,250 g,"7,03 €",Sedovin
Mandarina bolsa 2 kg,No brand found,2 kg,"7,13 €",Sedovin
Torta Imperial Delaviuda 200 g,Imperial Delaviuda,200 g,"7,14 €",Sedovin
Mantel de papel kraft biodegradable 20x1.20 m Honest Green,Honest,20x,"7,22 €",Sedovin
Canelones de espinacas con queso de cabra Casa Mas 2 raciones 700 g,Casa Mas,2 raciones,"7,27 €",Sedovin
Buñuelos de bacalao Maheso 800 g,No brand found,800 g,"7,34 €",Sedovin
Filetes de panga sin piel Seawork 800 g,Seawork,800 g,"7,34 €",Sedovin
Aceitunas negras naturales con hueso José Lou 900 g,Lou,900 g,"7,35 €",Sedovin
Aceitunas verdes rellenas de anchoa Comerco 1440 g,Comerco,1440 g,"7,36 €",Sedovin
Carrillera en salsa Pamplonica 380 g,Pamplonica,380 g,"7,43 €",Sedovin
Libritos rellenos de jamón y queso Casa Mas 2 raciones 320 g,Casa Mas,2 raciones,"7,48 €",Sedovin
Cacao instantáneo Nesquik 700 g,Nesquik,700 g,"7,48 €",Sedovin
Albóndigas guisadas Casa Mas 2 raciones 550 g,Mas,2 raciones,"7,51 €",Sedovin
Café en grano descafeinado al agua El Criollo 250 g,Criollo,250 g,"7,59 €",Sedovin
Bacalao desmigado Icelandic 500 g,Icelandic,500 g,"7,66 €",Sedovin
Galletas surtido Cuétara 420 g,No brand found,420 g,"7,67 €",Sedovin
Filete sardina Beltrán Adell 1 kg,Adell,1 kg,"7,70 €",Sedovin
Mejillones en escabeche Isabel 13/18 piezas 3x115 g,Isabel,18 piezas,"7,72 €",Sedovin
Corazones de alcachofa a la parrilla Cynara 400 g,Cynara,400 g,"7,76 €",Sedovin
Canelones de carne Casa Mas 2 raciones 700 g,Casa Mas,2 raciones,"7,83 €",Sedovin
Café molido ecológico El Criollo Doble Label 250 g,Criollo Doble Label,250 g,"7,92 €",Sedovin
Café en grano Fortaleza Intenssisimo 500 g,Intenssisimo,500 g,"7,96 €",Sedovin
Maíz frito Frit Ravich 1 kg,Ravich,1 kg,"8,00 €",Sedovin
Espárragos blancos de Navarra extra Dantza 3-5 piezas 330 g,Dantza,5 piezas,"8,06 €",Sedovin
Bacalao salado desmigado Udana bandeja 500,No brand found,No weight found,"8,06 €",Sedovin
Canelones de pollo Casa Mas 2 raciones 700 g,Casa Mas,2 raciones,"8,10 €",Sedovin
Chipirones rellenos en aceite de girasol Orbe 266 g,Orbe,266 g,"8,11 €",Sedovin
Vieiras rellenas de pescado y marisco Casa Mas 2 raciones 420 g,Casa Mas,2 raciones,"8,13 €",Sedovin
Chorizo extra cortado Espuña 340 g,No brand found,340 g,"8,15 €",Sedovin
Piparras ecológicas en vinagre Legado de Ascara 280 g,Legado Ascara,280 g,"8,18 €",Sedovin
Canelones de pato con foie Casa Mas 2 raciones 700 g,Casa Mas,2 raciones,"8,23 €",Sedovin
Rooibos canela y naranja El Criollo 20 bolsitas,El Criollo,20 bolsitas,"8,34 €",Sedovin
Infusión frutos rojos El Criollo 20 bolsitas,Criollo,20 bolsitas,"8,34 €",Sedovin
Té verde gunpowder El Criollo 20 bolsitas,Criollo,20 bolsitas,"8,34 €",Sedovin
Muslitos de pollo con ciruelas Casa Mas 2 raciones 600 g,Casa Mas,2 raciones,"8,39 €",Sedovin
Bacalao con tomate Casa Mas 1 ración 240 g,Casa Mas,1 raci,"8,39 €",Sedovin
Alcachofas en mitades de Tudela Dantza 660 g,Tudela Dantza,660 g,"8,42 €",Sedovin
Preparado para paella Silomar 1 kg,Silomar,1 kg,"8,42 €",Sedovin
Espárragos blancos extra gruesos Sabor de Rioja 6/8 piezas 540 g,Rioja,8 piezas,"8,46 €",Sedovin
Kiwi plano 1 kg,No brand found,1 kg,"8,50 €",Sedovin
Espárrago verde entero 1 kg,No brand found,1 kg,"8,51 €",Sedovin
Café soluble Nescafé natural 200 g,No brand found,200 g,"8,75 €",Sedovin
Longaniza de Payés en rodajas XL Espuña 340 g,No brand found,340 g,"8,75 €",Sedovin
Conejo escabechado Tío Nicasio 350 g,Nicasio,350 g,"8,80 €",Sedovin
Café soluble descafeinado Nescafé 200 g,No brand found,200 g,"8,86 €",Sedovin
Torta Imperial El Almendro 200 g,Imperial El Almendro,200 g,"8,88 €",Sedovin
Cacao soluble ColaCao Original 760 g,Original,760 g,"9,00 €",Sedovin
Alcachofa troceada Findus 1 kg,Findus,1 kg,"9,09 €",Sedovin
Queso semicurado mezcla Villacorona 500 g,Villacorona,500 g,"9,09 €",Sedovin
Aceite de oliva virgen extra Capricho Aragonés 500 ml,Capricho,500 ml,"9,16 €",Sedovin
Gamba pelada 10/30 Frimapesca 600 g,Frimapesca,30 Frimapesca,"9,16 €",Sedovin
Filetes de merluza Argentina Noribérica 800 g,Argentina,800 g,"9,16 €",Sedovin
Anillas de potón 4-9 cm Frimapesca 550 g,Frimapesca,9 cm,"9,27 €",Sedovin
Tarta de whisky helado sabor nata y café Casty 1 litro,Casty,1 litro,"9,49 €",Sedovin
Arroz bomba La Fallera 1 kg,La Fallera,1 kg,"9,51 €",Sedovin
Gulas La Gula del Norte bandeja 3x200 g,La Gula Norte,3x,"9,56 €",Sedovin
Varitas de merluza Pescanova 1 kg,Pescanova,1 kg,"9,56 €",Sedovin
Langostinos crudos vannamei 24/32 Frimapesca 700 g,Frimapesca,32 Frimapesca,"9,56 €",Sedovin
Cola de rape sin piel 200/300 Frimapesca 700 g,Frimapesca,300 Frimapesca,"9,66 €",Sedovin
Espárragos blancos de Navarra extra Dantza 6-10 piezas 185 g,Dantza,10 piezas,"9,74 €",Sedovin
Espárragos blancos de Navarra extra Dantza 11-16 piezas 535 g,Dantza,16 piezas,"9,75 €",Sedovin
Calamar entero limpio 20/40 Frimapesca 800 g,Frimapesca,40 Frimapesca,"9,75 €",Sedovin
Alcachofas rebozadas 500 g,No brand found,500 g,"9,76 €",Sedovin
Galletas surtido Birba Camprodon caja 500 g,Birba Camprodon,500 g,"9,78 €",Sedovin
Rodajas de merluza Austral Europacífico 850 g,Austral,850 g,"9,86 €",Sedovin
Codillo de jamón asado Tello 700 g,Tello,700 g,"9,93 €",Sedovin
Jamón de cebo de campo ibérico Argal Corte Noble 70 g,Corte Noble,70 g,"10,11 €",Sedovin
Plato desechable llano redondo compostable 30 cm Honest Green 25 ud,Honest,30 cm,"10,20 €",Sedovin
Queso curado de oveja Villacorona 500 g,Villacorona,500 g,"10,23 €",Sedovin
Escalopes a la milanesa Dona Dona 500 g,Dona Dona,500 g,"10,29 €",Sedovin
Pimientos rellenos de bacalao Rucagel 1 kg,Rucagel,1 kg,"10,43 €",Sedovin
Nuggets de pollo Prielá 1 kg,No brand found,1 kg,"10,45 €",Sedovin
Anchoas en aceite de oliva virgen extra ecológico Campos tarro 100 g,Campos,100 g,"10,54 €",Sedovin
Aceite de oliva Coaliment 0.4º 1 litro,Coaliment,1 litro,"10,69 €",Sedovin
Rabo de toro estofado Pamplonica 380 g,Pamplonica,380 g,"10,69 €",Sedovin
Levadura Royal química en polvo 900 g,Royal,900 g,"10,86 €",Sedovin
Lomos de salmón Krustasur 250 g,Krustasur,250 g,"10,88 €",Sedovin
Gamba pelada 30/50 Frimapesca 600 g,Frimapesca,50 Frimapesca,"10,92 €",Sedovin
Aceite de oliva virgen Coaliment 1 litro,Coaliment,1 litro,"11,07 €",Sedovin
Chuletón de ternera Behiki 500 g,No brand found,500 g,"11,18 €",Sedovin
Puntillas de calamar 4-6 cm Fishook 900 g,Fishook,6 cm,"11,19 €",Sedovin
Espárragos trigueros en tempura 500 g,No brand found,500 g,"11,19 €",Sedovin
Rabas empanadas Rucagel 1 kg,Rucagel,1 kg,"11,20 €",Sedovin
Aceite de oliva Carbonell 0.4º 1 litro,Carbonell,1 litro,"11,27 €",Sedovin
Pata de pulpo cocida en su jugo Nuchar 150-200 g,Nuchar,200 g,"11,44 €",Sedovin
Aceite de girasol Gorbisol garrafa 5 litros,Gorbisol,5 litros,"11,49 €",Sedovin
Nécora cocida Delfín 5-8 piezas 800 g,No brand found,8 piezas,"11,55 €",Sedovin
Atún en aceite girasol Campos 750 g,No brand found,750 g,"11,97 €",Sedovin
Aceite de oliva intenso La Masía Sumum 1 litro,La Sumum,1 litro,"12,00 €",Sedovin
Aceite de oliva suave La Masia Clásico 1 litro,La Masia,1 litro,"12,00 €",Sedovin
Bonito del norte en aceite de girasol Campos 750 g,Campos,750 g,"12,07 €",Sedovin
Turrón duro El Almendro Cosecha propia 300 g,Almendro Cosecha,300 g,"12,19 €",Sedovin
Piñones Coaliment 125 g,No brand found,125 g,"12,56 €",Sedovin
Alitas de pollo barbacoa Clavo Food Factory 1 kg,Clavo Food Factory,1 kg,"12,57 €",Sedovin
Alitas de pollo sabor barbacoa Mccain 1 kg,Mccain,1 kg,"12,65 €",Sedovin
Sepia faraónica entera limpia Friusa 800 g,Friusa,800 g,"12,73 €",Sedovin
Magdalena redonda Lapasion 2 kg,Lapasion,2 kg,"12,94 €",Sedovin
Magdalena larga Lapasion 2 kg,Lapasion,2 kg,"12,94 €",Sedovin
Langostinos cocidos Rucagel 1 kg,Rucagel,1 kg,"13,02 €",Sedovin
Aceite de semillas Olibecu garrafa 5 litros,Olibecu,5 litros,"13,28 €",Sedovin
Hamburguesa de vaca madurada Behiki 4x180 g,Behiki,4x,"13,42 €",Sedovin
Bizcochos Lapasion 2 kg,Lapasion,2 kg,"13,50 €",Sedovin
Preparado de sepia y calamar Torry Harris 900 g,Torry Harris,900 g,"13,81 €",Sedovin
Tarta de queso by Albert Adriá Lykke 330 g,Albert Lykke,330 g,"13,81 €",Sedovin
Ancas de rana 13/15 Altamar 1kg,Altamar,15 Altamar,"13,82 €",Sedovin
Surtido de marisco Pescafácil caja 800 g,No brand found,800 g,"13,84 €",Sedovin
Abanico ibérico Torreón 500 g,No brand found,500 g,"14,00 €",Sedovin
Lomitos de atún claro Frime 340 g,Frime,340 g,"14,01 €",Sedovin
Pechugas de pollo fileteadas BonChef 1 kg,No brand found,1 kg,"14,11 €",Sedovin
Lomos de bacalao salado Udana 500 g,Udana,500 g,"14,20 €",Sedovin
Flor de alcachofa confitada Vegasana 12 ud 950 g,Vegasana,12 ud,"14,27 €",Sedovin
Aceite de orujo Gorbiflor garrafa 2 litros,Gorbiflor,2 litros,"14,34 €",Sedovin
Espárragos gruesos Sabor de Rioja 780 g,Rioja,780 g,"14,41 €",Sedovin
Mejillón de Galicia media concha Rucagel 900 g,Rucagel,900 g,"14,49 €",Sedovin
Tiras de pechuga de pollo empanadas Riverside 1 kg,Riverside,1 kg,"14,88 €",Sedovin
Lomitos de bacalao al punto de sal Skandic 1 kg,Skandic,1 kg,"15,06 €",Sedovin
Anillas de pota rebozadas a la andaluza Frinca 500 g,Frinca,500 g,"15,42 €",Sedovin
Carrillada de cerdo Marbeira 1 kg,Marbeira,1 kg,"15,65 €",Sedovin
Queso curado de oveja Nardo 800 g,Nardo,800 g,"16,30 €",Sedovin
Chuletón de vaca madurado Behiki 500 g,No brand found,500 g,"16,86 €",Sedovin
Almendra cruda Borges 1 kg,Borges,1 kg,"16,94 €",Sedovin
Mejillones en escabeche Isabel 525 g,Isabel,525 g,"17,62 €",Sedovin
Secreto ibérico Torreón 500 g,No brand found,500 g,"18,19 €",Sedovin
Contramaza jamón serrano Bodega Sierra Morena 1.25 kg,Bodega Sierra Morena,1.25 kg,"18,41 €",Sedovin
Ventresca de atún claro en aceite de girasol Isabel 522 g,Isabel,522 g,"19,24 €",Sedovin
Aceite de oliva suave Gorbino 2 litros,Gorbino,2 litros,"19,38 €",Sedovin
Aceite de oliva sabor Gorbino 2 litros,Gorbino,2 litros,"19,38 €",Sedovin
Medallón de solomillo de vaca Behiki 2x200 g,No brand found,2x,"19,46 €",Sedovin
Perdiz escabechada Tío Nicasio 420 g,Nicasio,420 g,"20,35 €",Sedovin
Aceite de oliva virgen extra Capricho Aragonés Arbequina 2 litros,Capricho Arbequina,2 litros,"21,57 €",Sedovin
Aceite de oliva virgen La Flor de Belchite 2 litros,La Flor Belchite,2 litros,"21,81 €",Sedovin
Caramelos de miel y limón sin azúcar Pictolín 1 kg,No brand found,1 kg,"21,97 €",Sedovin
Muslo de pollo relleno con jamón y queso Daniel Cervera 4x200 g,Daniel Cervera,4x,"22,18 €",Sedovin
Abanico ibérico de bellota Extrem Puro Extremadura 400 g,Extrem Puro Extremadura,400 g,"22,25 €",Sedovin
Anchoas en aceite de oliva virgen extra ecológico Campos 180 g,Campos,180 g,"22,25 €",Sedovin
Caramelos de mentol y eucalipto sin azúcar Respiral Halls 1 kg,Respiral Halls,1 kg,"22,78 €",Sedovin
Queso semicurado mezcla 7 Coronas 1.65 kg,Coronas,7 Coronas,"22,83 €",Sedovin
Aceite de oliva virgen extra Capricho Aragonés 2 litros,Capricho,2 litros,"23,75 €",Sedovin
Entrecot de ternera Behiki 4x300 g,Behiki,4x,"23,94 €",Sedovin
Maza de jamón serrano Bodega Sierra Morena 1.5 kg,Bodega Sierra Morena,1.5 kg,"24,18 €",Sedovin
Almeja marrón entera cocida 60/80 Frimapesca 950 g caja 6 bolsas,Frimapesca,80 Frimapesca,"25,14 €",Sedovin
Café en grano mezcla Marcilla Gran Aroma 1 kg,Gran Aroma,1 kg,"25,29 €",Sedovin
Maza jamón Bodega El Monte 1 kg,Bodega El Monte,1 kg,"25,72 €",Sedovin
Gambón pelado y devenado 15/25 Wofco 800 g,No brand found,25 Wofco,"25,94 €",Sedovin
Salmón ahumado lomo en aceite de girasol Benfumat 400 g,No brand found,400 g,"27,67 €",Sedovin
"Queso oveja ahumado Ardiona 1,10 kg",Ardiona,10 kg,"27,92 €",Sedovin
Carpaccio de bacalao ahumado en aceite de oliva Benfumat 400 g,Benfumat,400 g,"29,05 €",Sedovin
Maza jamón de Teruel DO Los Alcores 1 kg,Teruel Los Alcores,1 kg,"29,57 €",Sedovin
Queso de oveja curado Ronkari 1 kg,Ronkari,1 kg,"30,23 €",Sedovin
Vieiras del Pacífico media concha 30/40 Fishook 900 g,Fishook,40 Fishook,"30,65 €",Sedovin
Cola de rape sin piel 200/300 Frimapesca 700 g caja 5 bolsas,Frimapesca,300 Frimapesca,"31,37 €",Sedovin
Costilla y pierna de ternasco de Aragón 1 kg,No brand found,1 kg,"31,92 €",Sedovin
Coquitos Cachapa 300 g pack 8 bandejas,Cachapa,300 g,"32,41 €",Sedovin
Trufas heladas de chocolate Bindi 50 ud 750 g,Bindi,50 ud,"32,90 €",Sedovin
Aceite de orujo de oliva Gorbiflor garrafa 5 litros,Gorbiflor,5 litros,"34,88 €",Sedovin
Mantecados de almendra Cachapa 300 g pack 8 bandejas,Cachapa,300 g,"35,29 €",Sedovin
Costillas de ternasco de Aragón 1 kg,No brand found,1 kg,"35,63 €",Sedovin
Crujiente de langostino Compesca 1 kg 50 ud,Compesca,1 kg,"35,68 €",Sedovin
Mariscada cocida Pescafácil 1.3 kg,No brand found,1.3 kg,"37,29 €",Sedovin
Gamba blanca del Mediterráneo 85/90 piezas 1 kg aprox.,No brand found,90 piezas,"37,92 €",Sedovin
Foie gras de pato Volex 700 g,Volex,700 g,"43,24 €",Sedovin
Contramaza jamón ibérico de cebo Sierra Morena 1.25 kg,Sierra Morena,1.25 kg,"44,32 €",Sedovin
Anillas de potón 4-9 cm Frimapesca 550 g caja 6 bolsas,Frimapesca,9 cm,"45,42 €",Sedovin
Aceite de oliva suave Gorbino 5 litros,Gorbino,5 litros,"46,51 €",Sedovin
Aceite de oliva sabor Gorbino 5 litros,Gorbino,5 litros,"46,51 €",Sedovin
Gamba pelada 10/30 Frimapesca 600 g caja 6 bolsas,Frimapesca,30 Frimapesca,"47,82 €",Sedovin
Aceite de oliva virgen extra Rey Don Jaime 5 litros,Rey Don Jaime,5 litros,"47,97 €",Sedovin
Cigalas 1.5 kg - 11/15 piezas,No brand found,1.5 kg,"48,32 €",Sedovin
Aceite de oliva virgen extra Sierra del Sur garrafa 5 litros,Sierra Sur,5 litros,"48,40 €",Sedovin
Almendras garrapiñadas Cachapa 50 g pack 30 paquetes,Cachapa,50 g,"48,60 €",Sedovin
Aceite de oliva virgen La Flor de Belchite 5 litros,La Flor Belchite,5 litros,"50,39 €",Sedovin
Aceite de oliva virgen extra Capricho Aragonés Arbequina 5 litros,Capricho Arbequina,5 litros,"52,33 €",Sedovin
Almendras garrapiñadas Cachapa 190 g pack 10 tarros,Cachapa,190 g,"54,90 €",Sedovin
Gamba pelada 30/50 Frimapesca 600 g caja 6 bolsas,Frimapesca,50 Frimapesca,"55,92 €",Sedovin
Gamba roja Gober 38-42 piezas 1.25 kg,Gober,42 piezas,"58,61 €",Sedovin
Calamar entero limpio 20/40 Frimapesca 800 g caja 10 bolsas,Frimapesca,40 Frimapesca,"63,32 €",Sedovin
Surtido galletas y golosinas Raymel bandeja 32 bolsas,Raymel,32 bolsas,"69,23 €",Sedovin
Carabinero 1 kg - 15 piezas,No brand found,1 kg,"77,52 €",Sedovin
Jamón serrano Reserva Sierra Morena 7 kg,Sierra Morena,7 kg,"87,03 €",Sedovin
Carabineros 20-30 piezas 1.5 kg,No brand found,30 piezas,"93,56 €",Sedovin
"Jamón Bodega El Monte aprox. 8,5 kg",El Monte,5 kg,"109,92 €",Sedovin
"Jamón de Teruel DO Los Alcores 8,5 kg",Los Alcores,5 kg,"141,93 €",Sedovin
Aceite de girasol Gorbisol 5 litros 20 garrafas,Gorbisol,5 litros,"206,81 €",Sedovin
Aceite de oliva virgen La Flor de Belchite 5 litros 20 garrafas,La Flor Belchite,5 litros,"1.113,07 €",Sedovin
Pisto ratatouille cat. 1ª Dantza 660 g,Dantza,660 g,"3,03 €",Sedovin
Borraja ecológica de Navarra extra Dantza 660 g,Navarra Dantza,660 g,"1,96 €",Sedovin
Acelga ecológica de Navarra extra Dantza 660 g,Navarra Dantza,660 g,"1,96 €",Sedovin
Vino blanco Sommos Colección Gewürtraminer 75 cl,Sommos,75 cl,"11,11 €",Sedovin
